/*
SQLyog Ultimate v12.09 (64 bit)
MySQL - 5.7.24-log : Database - hospital
*********************************************************************
*/

/*!40101 SET NAMES utf8 */;

/*!40101 SET SQL_MODE=''*/;

/*!40014 SET @OLD_UNIQUE_CHECKS=@@UNIQUE_CHECKS, UNIQUE_CHECKS=0 */;
/*!40014 SET @OLD_FOREIGN_KEY_CHECKS=@@FOREIGN_KEY_CHECKS, FOREIGN_KEY_CHECKS=0 */;
/*!40101 SET @OLD_SQL_MODE=@@SQL_MODE, SQL_MODE='NO_AUTO_VALUE_ON_ZERO' */;
/*!40111 SET @OLD_SQL_NOTES=@@SQL_NOTES, SQL_NOTES=0 */;
CREATE DATABASE /*!32312 IF NOT EXISTS*/`hospital` /*!40100 DEFAULT CHARACTER SET utf8 */;

USE `hospital`;

/*Table structure for table `answer` */

DROP TABLE IF EXISTS `answer`;

CREATE TABLE `answer` (
  `answerId` int(11) NOT NULL AUTO_INCREMENT,
  `answerContent` text,
  `questionId` int(11) DEFAULT NULL,
  `answerOwnerId` int(11) DEFAULT NULL,
  `createDate` varchar(35) DEFAULT NULL,
  PRIMARY KEY (`answerId`)
) ENGINE=InnoDB AUTO_INCREMENT=14 DEFAULT CHARSET=utf8;

/*Data for the table `answer` */

insert  into `answer`(`answerId`,`answerContent`,`questionId`,`answerOwnerId`,`createDate`) values (2,'多喝热水',2,1,'2020-03-31 16:18:08'),(3,'多喝热水',2,2,'2020-03-31 16:18:22'),(4,'还是热水管用',2,2,'2020-04-01 23:51:44'),(5,'别问，问就是热水',2,1,'2020-04-01 23:53:17'),(6,'热水热水',2,6,'2020-04-02 16:09:09'),(7,'热水热水',2,6,'2020-04-02 16:09:15'),(8,'涂点风油精就好',7,6,'2020-04-02 17:52:22'),(9,'多运动就好。',5,2,'2020-04-10 20:27:36'),(10,'涂点百多邦',10,2,'2020-04-10 22:27:09'),(11,'这是干眼症，用治疗干眼症的眼药水点几天就好了',11,2,'2020-04-10 22:29:36'),(12,'没什么 多喝水',11,2,'2020-05-07 17:56:11'),(13,'多喝热水',11,2,'2020-05-11 12:48:15');

/*Table structure for table `arrangement` */

DROP TABLE IF EXISTS `arrangement`;

CREATE TABLE `arrangement` (
  `arrangementId` int(11) NOT NULL AUTO_INCREMENT,
  `arrangementMorA` varchar(20) DEFAULT NULL,
  `arrangementWeekDay` varchar(20) DEFAULT NULL,
  `doctorId` int(11) DEFAULT NULL,
  KEY `arrangementId` (`arrangementId`)
) ENGINE=InnoDB AUTO_INCREMENT=2533 DEFAULT CHARSET=utf8;

/*Data for the table `arrangement` */

insert  into `arrangement`(`arrangementId`,`arrangementMorA`,`arrangementWeekDay`,`doctorId`) values (1,'上午','星期二',7),(2,'上午','星期三',7),(3,'上午','星期四',7),(4,'上午','星期五',7),(5,'上午','星期一',7),(6,'上午','星期二',9),(7,'上午','星期三',9),(8,'上午','星期四',9),(9,'上午','星期五',9),(10,'上午','星期一',9),(11,'上午','星期二',11),(12,'上午','星期三',11),(13,'上午','星期四',11),(14,'上午','星期五',11),(15,'上午','星期一',11),(16,'上午','星期二',13),(17,'上午','星期三',13),(18,'上午','星期四',13),(19,'上午','星期五',13),(20,'上午','星期一',13),(21,'上午','星期二',15),(22,'上午','星期三',15),(23,'上午','星期四',15),(24,'上午','星期五',15),(25,'上午','星期一',15),(26,'上午','星期二',17),(27,'上午','星期三',17),(28,'上午','星期四',17),(29,'上午','星期五',17),(30,'上午','星期一',17),(31,'上午','星期二',19),(32,'上午','星期三',19),(33,'上午','星期四',19),(34,'上午','星期五',19),(35,'上午','星期一',19),(36,'上午','星期二',21),(37,'上午','星期三',21),(38,'上午','星期四',21),(39,'上午','星期五',21),(40,'上午','星期一',21),(41,'上午','星期二',23),(42,'上午','星期三',23),(43,'上午','星期四',23),(44,'上午','星期五',23),(45,'上午','星期一',23),(46,'上午','星期二',25),(47,'上午','星期三',25),(48,'上午','星期四',25),(49,'上午','星期五',25),(50,'上午','星期一',25),(51,'上午','星期二',27),(52,'上午','星期三',27),(53,'上午','星期四',27),(54,'上午','星期五',27),(55,'上午','星期一',27),(56,'上午','星期二',29),(57,'上午','星期三',29),(58,'上午','星期四',29),(59,'上午','星期五',29),(60,'上午','星期一',29),(61,'上午','星期二',31),(62,'上午','星期三',31),(63,'上午','星期四',31),(64,'上午','星期五',31),(65,'上午','星期一',31),(66,'上午','星期二',33),(67,'上午','星期三',33),(68,'上午','星期四',33),(69,'上午','星期五',33),(70,'上午','星期一',33),(71,'上午','星期二',35),(72,'上午','星期三',35),(73,'上午','星期四',35),(74,'上午','星期五',35),(75,'上午','星期一',35),(76,'上午','星期二',37),(77,'上午','星期三',37),(78,'上午','星期四',37),(79,'上午','星期五',37),(80,'上午','星期一',37),(81,'上午','星期二',39),(82,'上午','星期三',39),(83,'上午','星期四',39),(84,'上午','星期五',39),(85,'上午','星期一',39),(86,'上午','星期二',41),(87,'上午','星期三',41),(88,'上午','星期四',41),(89,'上午','星期五',41),(90,'上午','星期一',41),(91,'上午','星期二',43),(92,'上午','星期三',43),(93,'上午','星期四',43),(94,'上午','星期五',43),(95,'上午','星期一',43),(96,'上午','星期二',45),(97,'上午','星期三',45),(98,'上午','星期四',45),(99,'上午','星期五',45),(100,'上午','星期一',45),(101,'上午','星期二',47),(102,'上午','星期三',47),(103,'上午','星期四',47),(104,'上午','星期五',47),(105,'上午','星期一',47),(106,'上午','星期二',49),(107,'上午','星期三',49),(108,'上午','星期四',49),(109,'上午','星期五',49),(110,'上午','星期一',49),(111,'上午','星期二',51),(112,'上午','星期三',51),(113,'上午','星期四',51),(114,'上午','星期五',51),(115,'上午','星期一',51),(116,'上午','星期二',53),(117,'上午','星期三',53),(118,'上午','星期四',53),(119,'上午','星期五',53),(120,'上午','星期一',53),(121,'上午','星期二',55),(122,'上午','星期三',55),(123,'上午','星期四',55),(124,'上午','星期五',55),(125,'上午','星期一',55),(126,'上午','星期二',57),(127,'上午','星期三',57),(128,'上午','星期四',57),(129,'上午','星期五',57),(130,'上午','星期一',57),(131,'上午','星期二',59),(132,'上午','星期三',59),(133,'上午','星期四',59),(134,'上午','星期五',59),(135,'上午','星期一',59),(136,'上午','星期二',61),(137,'上午','星期三',61),(138,'上午','星期四',61),(139,'上午','星期五',61),(140,'上午','星期一',61),(141,'上午','星期二',63),(142,'上午','星期三',63),(143,'上午','星期四',63),(144,'上午','星期五',63),(145,'上午','星期一',63),(146,'上午','星期二',65),(147,'上午','星期三',65),(148,'上午','星期四',65),(149,'上午','星期五',65),(150,'上午','星期一',65),(151,'上午','星期二',67),(152,'上午','星期三',67),(153,'上午','星期四',67),(154,'上午','星期五',67),(155,'上午','星期一',67),(156,'上午','星期二',69),(157,'上午','星期三',69),(158,'上午','星期四',69),(159,'上午','星期五',69),(160,'上午','星期一',69),(161,'上午','星期二',71),(162,'上午','星期三',71),(163,'上午','星期四',71),(164,'上午','星期五',71),(165,'上午','星期一',71),(166,'上午','星期二',73),(167,'上午','星期三',73),(168,'上午','星期四',73),(169,'上午','星期五',73),(170,'上午','星期一',73),(171,'上午','星期二',75),(172,'上午','星期三',75),(173,'上午','星期四',75),(174,'上午','星期五',75),(175,'上午','星期一',75),(176,'上午','星期二',77),(177,'上午','星期三',77),(178,'上午','星期四',77),(179,'上午','星期五',77),(180,'上午','星期一',77),(181,'上午','星期二',79),(182,'上午','星期三',79),(183,'上午','星期四',79),(184,'上午','星期五',79),(185,'上午','星期一',79),(186,'上午','星期二',81),(187,'上午','星期三',81),(188,'上午','星期四',81),(189,'上午','星期五',81),(190,'上午','星期一',81),(191,'上午','星期二',83),(192,'上午','星期三',83),(193,'上午','星期四',83),(194,'上午','星期五',83),(195,'上午','星期一',83),(196,'上午','星期二',85),(197,'上午','星期三',85),(198,'上午','星期四',85),(199,'上午','星期五',85),(200,'上午','星期一',85),(201,'上午','星期二',87),(202,'上午','星期三',87),(203,'上午','星期四',87),(204,'上午','星期五',87),(205,'上午','星期一',87),(206,'上午','星期二',89),(207,'上午','星期三',89),(208,'上午','星期四',89),(209,'上午','星期五',89),(210,'上午','星期一',89),(211,'上午','星期二',91),(212,'上午','星期三',91),(213,'上午','星期四',91),(214,'上午','星期五',91),(215,'上午','星期一',91),(216,'上午','星期二',93),(217,'上午','星期三',93),(218,'上午','星期四',93),(219,'上午','星期五',93),(220,'上午','星期一',93),(221,'上午','星期二',95),(222,'上午','星期三',95),(223,'上午','星期四',95),(224,'上午','星期五',95),(225,'上午','星期一',95),(226,'上午','星期二',97),(227,'上午','星期三',97),(228,'上午','星期四',97),(229,'上午','星期五',97),(230,'上午','星期一',97),(231,'上午','星期二',99),(232,'上午','星期三',99),(233,'上午','星期四',99),(234,'上午','星期五',99),(235,'上午','星期一',99),(236,'上午','星期二',101),(237,'上午','星期三',101),(238,'上午','星期四',101),(239,'上午','星期五',101),(240,'上午','星期一',101),(241,'上午','星期二',103),(242,'上午','星期三',103),(243,'上午','星期四',103),(244,'上午','星期五',103),(245,'上午','星期一',103),(246,'上午','星期二',105),(247,'上午','星期三',105),(248,'上午','星期四',105),(249,'上午','星期五',105),(250,'上午','星期一',105),(251,'上午','星期二',107),(252,'上午','星期三',107),(253,'上午','星期四',107),(254,'上午','星期五',107),(255,'上午','星期一',107),(256,'上午','星期二',109),(257,'上午','星期三',109),(258,'上午','星期四',109),(259,'上午','星期五',109),(260,'上午','星期一',109),(261,'上午','星期二',111),(262,'上午','星期三',111),(263,'上午','星期四',111),(264,'上午','星期五',111),(265,'上午','星期一',111),(266,'上午','星期二',113),(267,'上午','星期三',113),(268,'上午','星期四',113),(269,'上午','星期五',113),(270,'上午','星期一',113),(271,'上午','星期二',115),(272,'上午','星期三',115),(273,'上午','星期四',115),(274,'上午','星期五',115),(275,'上午','星期一',115),(276,'上午','星期二',117),(277,'上午','星期三',117),(278,'上午','星期四',117),(279,'上午','星期五',117),(280,'上午','星期一',117),(281,'上午','星期二',119),(282,'上午','星期三',119),(283,'上午','星期四',119),(284,'上午','星期五',119),(285,'上午','星期一',119),(286,'上午','星期二',121),(287,'上午','星期三',121),(288,'上午','星期四',121),(289,'上午','星期五',121),(290,'上午','星期一',121),(291,'上午','星期二',123),(292,'上午','星期三',123),(293,'上午','星期四',123),(294,'上午','星期五',123),(295,'上午','星期一',123),(296,'上午','星期二',125),(297,'上午','星期三',125),(298,'上午','星期四',125),(299,'上午','星期五',125),(300,'上午','星期一',125),(301,'上午','星期二',127),(302,'上午','星期三',127),(303,'上午','星期四',127),(304,'上午','星期五',127),(305,'上午','星期一',127),(306,'上午','星期二',129),(307,'上午','星期三',129),(308,'上午','星期四',129),(309,'上午','星期五',129),(310,'上午','星期一',129),(311,'上午','星期二',131),(312,'上午','星期三',131),(313,'上午','星期四',131),(314,'上午','星期五',131),(315,'上午','星期一',131),(316,'上午','星期二',133),(317,'上午','星期三',133),(318,'上午','星期四',133),(319,'上午','星期五',133),(320,'上午','星期一',133),(321,'上午','星期二',135),(322,'上午','星期三',135),(323,'上午','星期四',135),(324,'上午','星期五',135),(325,'上午','星期一',135),(326,'上午','星期二',137),(327,'上午','星期三',137),(328,'上午','星期四',137),(329,'上午','星期五',137),(330,'上午','星期一',137),(331,'上午','星期二',139),(332,'上午','星期三',139),(333,'上午','星期四',139),(334,'上午','星期五',139),(335,'上午','星期一',139),(336,'上午','星期二',141),(337,'上午','星期三',141),(338,'上午','星期四',141),(339,'上午','星期五',141),(340,'上午','星期一',141),(341,'上午','星期二',143),(342,'上午','星期三',143),(343,'上午','星期四',143),(344,'上午','星期五',143),(345,'上午','星期一',143),(346,'上午','星期二',145),(347,'上午','星期三',145),(348,'上午','星期四',145),(349,'上午','星期五',145),(350,'上午','星期一',145),(351,'上午','星期二',147),(352,'上午','星期三',147),(353,'上午','星期四',147),(354,'上午','星期五',147),(355,'上午','星期一',147),(356,'上午','星期二',149),(357,'上午','星期三',149),(358,'上午','星期四',149),(359,'上午','星期五',149),(360,'上午','星期一',149),(361,'上午','星期二',151),(362,'上午','星期三',151),(363,'上午','星期四',151),(364,'上午','星期五',151),(365,'上午','星期一',151),(366,'上午','星期二',153),(367,'上午','星期三',153),(368,'上午','星期四',153),(369,'上午','星期五',153),(370,'上午','星期一',153),(371,'上午','星期二',155),(372,'上午','星期三',155),(373,'上午','星期四',155),(374,'上午','星期五',155),(375,'上午','星期一',155),(376,'上午','星期二',157),(377,'上午','星期三',157),(378,'上午','星期四',157),(379,'上午','星期五',157),(380,'上午','星期一',157),(381,'上午','星期二',159),(382,'上午','星期三',159),(383,'上午','星期四',159),(384,'上午','星期五',159),(385,'上午','星期一',159),(386,'上午','星期二',161),(387,'上午','星期三',161),(388,'上午','星期四',161),(389,'上午','星期五',161),(390,'上午','星期一',161),(391,'上午','星期二',163),(392,'上午','星期三',163),(393,'上午','星期四',163),(394,'上午','星期五',163),(395,'上午','星期一',163),(396,'上午','星期二',165),(397,'上午','星期三',165),(398,'上午','星期四',165),(399,'上午','星期五',165),(400,'上午','星期一',165),(401,'上午','星期二',167),(402,'上午','星期三',167),(403,'上午','星期四',167),(404,'上午','星期五',167),(405,'上午','星期一',167),(406,'上午','星期二',169),(407,'上午','星期三',169),(408,'上午','星期四',169),(409,'上午','星期五',169),(410,'上午','星期一',169),(411,'上午','星期二',171),(412,'上午','星期三',171),(413,'上午','星期四',171),(414,'上午','星期五',171),(415,'上午','星期一',171),(416,'上午','星期二',173),(417,'上午','星期三',173),(418,'上午','星期四',173),(419,'上午','星期五',173),(420,'上午','星期一',173),(421,'上午','星期二',175),(422,'上午','星期三',175),(423,'上午','星期四',175),(424,'上午','星期五',175),(425,'上午','星期一',175),(426,'上午','星期二',177),(427,'上午','星期三',177),(428,'上午','星期四',177),(429,'上午','星期五',177),(430,'上午','星期一',177),(431,'上午','星期二',179),(432,'上午','星期三',179),(433,'上午','星期四',179),(434,'上午','星期五',179),(435,'上午','星期一',179),(436,'上午','星期二',181),(437,'上午','星期三',181),(438,'上午','星期四',181),(439,'上午','星期五',181),(440,'上午','星期一',181),(441,'上午','星期二',183),(442,'上午','星期三',183),(443,'上午','星期四',183),(444,'上午','星期五',183),(445,'上午','星期一',183),(446,'上午','星期二',185),(447,'上午','星期三',185),(448,'上午','星期四',185),(449,'上午','星期五',185),(450,'上午','星期一',185),(451,'上午','星期二',187),(452,'上午','星期三',187),(453,'上午','星期四',187),(454,'上午','星期五',187),(455,'上午','星期一',187),(456,'上午','星期二',189),(457,'上午','星期三',189),(458,'上午','星期四',189),(459,'上午','星期五',189),(460,'上午','星期一',189),(461,'上午','星期二',191),(462,'上午','星期三',191),(463,'上午','星期四',191),(464,'上午','星期五',191),(465,'上午','星期一',191),(466,'上午','星期二',193),(467,'上午','星期三',193),(468,'上午','星期四',193),(469,'上午','星期五',193),(470,'上午','星期一',193),(471,'上午','星期二',195),(472,'上午','星期三',195),(473,'上午','星期四',195),(474,'上午','星期五',195),(475,'上午','星期一',195),(476,'上午','星期二',197),(477,'上午','星期三',197),(478,'上午','星期四',197),(479,'上午','星期五',197),(480,'上午','星期一',197),(481,'上午','星期二',199),(482,'上午','星期三',199),(483,'上午','星期四',199),(484,'上午','星期五',199),(485,'上午','星期一',199),(486,'上午','星期二',201),(487,'上午','星期三',201),(488,'上午','星期四',201),(489,'上午','星期五',201),(490,'上午','星期一',201),(491,'上午','星期二',203),(492,'上午','星期三',203),(493,'上午','星期四',203),(494,'上午','星期五',203),(495,'上午','星期一',203),(496,'上午','星期二',205),(497,'上午','星期三',205),(498,'上午','星期四',205),(499,'上午','星期五',205),(500,'上午','星期一',205),(501,'上午','星期二',207),(502,'上午','星期三',207),(503,'上午','星期四',207),(504,'上午','星期五',207),(505,'上午','星期一',207),(506,'上午','星期二',209),(507,'上午','星期三',209),(508,'上午','星期四',209),(509,'上午','星期五',209),(510,'上午','星期一',209),(511,'上午','星期二',211),(512,'上午','星期三',211),(513,'上午','星期四',211),(514,'上午','星期五',211),(515,'上午','星期一',211),(516,'上午','星期二',213),(517,'上午','星期三',213),(518,'上午','星期四',213),(519,'上午','星期五',213),(520,'上午','星期一',213),(521,'上午','星期二',215),(522,'上午','星期三',215),(523,'上午','星期四',215),(524,'上午','星期五',215),(525,'上午','星期一',215),(526,'上午','星期二',217),(527,'上午','星期三',217),(528,'上午','星期四',217),(529,'上午','星期五',217),(530,'上午','星期一',217),(531,'上午','星期二',219),(532,'上午','星期三',219),(533,'上午','星期四',219),(534,'上午','星期五',219),(535,'上午','星期一',219),(536,'上午','星期二',221),(537,'上午','星期三',221),(538,'上午','星期四',221),(539,'上午','星期五',221),(540,'上午','星期一',221),(541,'上午','星期二',223),(542,'上午','星期三',223),(543,'上午','星期四',223),(544,'上午','星期五',223),(545,'上午','星期一',223),(546,'上午','星期二',225),(547,'上午','星期三',225),(548,'上午','星期四',225),(549,'上午','星期五',225),(550,'上午','星期一',225),(551,'上午','星期二',227),(552,'上午','星期三',227),(553,'上午','星期四',227),(554,'上午','星期五',227),(555,'上午','星期一',227),(556,'上午','星期二',229),(557,'上午','星期三',229),(558,'上午','星期四',229),(559,'上午','星期五',229),(560,'上午','星期一',229),(561,'上午','星期二',231),(562,'上午','星期三',231),(563,'上午','星期四',231),(564,'上午','星期五',231),(565,'上午','星期一',231),(566,'上午','星期二',233),(567,'上午','星期三',233),(568,'上午','星期四',233),(569,'上午','星期五',233),(570,'上午','星期一',233),(571,'上午','星期二',235),(572,'上午','星期三',235),(573,'上午','星期四',235),(574,'上午','星期五',235),(575,'上午','星期一',235),(576,'上午','星期二',237),(577,'上午','星期三',237),(578,'上午','星期四',237),(579,'上午','星期五',237),(580,'上午','星期一',237),(581,'上午','星期二',239),(582,'上午','星期三',239),(583,'上午','星期四',239),(584,'上午','星期五',239),(585,'上午','星期一',239),(586,'上午','星期二',241),(587,'上午','星期三',241),(588,'上午','星期四',241),(589,'上午','星期五',241),(590,'上午','星期一',241),(591,'上午','星期二',243),(592,'上午','星期三',243),(593,'上午','星期四',243),(594,'上午','星期五',243),(595,'上午','星期一',243),(596,'上午','星期二',245),(597,'上午','星期三',245),(598,'上午','星期四',245),(599,'上午','星期五',245),(600,'上午','星期一',245),(601,'上午','星期二',247),(602,'上午','星期三',247),(603,'上午','星期四',247),(604,'上午','星期五',247),(605,'上午','星期一',247),(606,'上午','星期二',249),(607,'上午','星期三',249),(608,'上午','星期四',249),(609,'上午','星期五',249),(610,'上午','星期一',249),(611,'上午','星期二',251),(612,'上午','星期三',251),(613,'上午','星期四',251),(614,'上午','星期五',251),(615,'上午','星期一',251),(616,'上午','星期二',253),(617,'上午','星期三',253),(618,'上午','星期四',253),(619,'上午','星期五',253),(620,'上午','星期一',253),(621,'上午','星期二',255),(622,'上午','星期三',255),(623,'上午','星期四',255),(624,'上午','星期五',255),(625,'上午','星期一',255),(626,'上午','星期二',257),(627,'上午','星期三',257),(628,'上午','星期四',257),(629,'上午','星期五',257),(630,'上午','星期一',257),(631,'上午','星期二',259),(632,'上午','星期三',259),(633,'上午','星期四',259),(634,'上午','星期五',259),(635,'上午','星期一',259),(636,'上午','星期二',261),(637,'上午','星期三',261),(638,'上午','星期四',261),(639,'上午','星期五',261),(640,'上午','星期一',261),(641,'上午','星期二',263),(642,'上午','星期三',263),(643,'上午','星期四',263),(644,'上午','星期五',263),(645,'上午','星期一',263),(646,'上午','星期二',265),(647,'上午','星期三',265),(648,'上午','星期四',265),(649,'上午','星期五',265),(650,'上午','星期一',265),(651,'上午','星期二',267),(652,'上午','星期三',267),(653,'上午','星期四',267),(654,'上午','星期五',267),(655,'上午','星期一',267),(656,'上午','星期二',269),(657,'上午','星期三',269),(658,'上午','星期四',269),(659,'上午','星期五',269),(660,'上午','星期一',269),(661,'上午','星期二',271),(662,'上午','星期三',271),(663,'上午','星期四',271),(664,'上午','星期五',271),(665,'上午','星期一',271),(666,'上午','星期二',273),(667,'上午','星期三',273),(668,'上午','星期四',273),(669,'上午','星期五',273),(670,'上午','星期一',273),(671,'上午','星期二',275),(672,'上午','星期三',275),(673,'上午','星期四',275),(674,'上午','星期五',275),(675,'上午','星期一',275),(676,'上午','星期二',277),(677,'上午','星期三',277),(678,'上午','星期四',277),(679,'上午','星期五',277),(680,'上午','星期一',277),(681,'上午','星期二',279),(682,'上午','星期三',279),(683,'上午','星期四',279),(684,'上午','星期五',279),(685,'上午','星期一',279),(686,'上午','星期二',281),(687,'上午','星期三',281),(688,'上午','星期四',281),(689,'上午','星期五',281),(690,'上午','星期一',281),(691,'上午','星期二',283),(692,'上午','星期三',283),(693,'上午','星期四',283),(694,'上午','星期五',283),(695,'上午','星期一',283),(696,'上午','星期二',285),(697,'上午','星期三',285),(698,'上午','星期四',285),(699,'上午','星期五',285),(700,'上午','星期一',285),(701,'上午','星期二',287),(702,'上午','星期三',287),(703,'上午','星期四',287),(704,'上午','星期五',287),(705,'上午','星期一',287),(706,'上午','星期二',289),(707,'上午','星期三',289),(708,'上午','星期四',289),(709,'上午','星期五',289),(710,'上午','星期一',289),(711,'上午','星期二',291),(712,'上午','星期三',291),(713,'上午','星期四',291),(714,'上午','星期五',291),(715,'上午','星期一',291),(716,'上午','星期二',293),(717,'上午','星期三',293),(718,'上午','星期四',293),(719,'上午','星期五',293),(720,'上午','星期一',293),(721,'上午','星期二',295),(722,'上午','星期三',295),(723,'上午','星期四',295),(724,'上午','星期五',295),(725,'上午','星期一',295),(726,'上午','星期二',297),(727,'上午','星期三',297),(728,'上午','星期四',297),(729,'上午','星期五',297),(730,'上午','星期一',297),(731,'上午','星期二',299),(732,'上午','星期三',299),(733,'上午','星期四',299),(734,'上午','星期五',299),(735,'上午','星期一',299),(736,'上午','星期二',301),(737,'上午','星期三',301),(738,'上午','星期四',301),(739,'上午','星期五',301),(740,'上午','星期一',301),(741,'上午','星期二',303),(742,'上午','星期三',303),(743,'上午','星期四',303),(744,'上午','星期五',303),(745,'上午','星期一',303),(746,'上午','星期二',305),(747,'上午','星期三',305),(748,'上午','星期四',305),(749,'上午','星期五',305),(750,'上午','星期一',305),(751,'上午','星期二',307),(752,'上午','星期三',307),(753,'上午','星期四',307),(754,'上午','星期五',307),(755,'上午','星期一',307),(756,'上午','星期二',309),(757,'上午','星期三',309),(758,'上午','星期四',309),(759,'上午','星期五',309),(760,'上午','星期一',309),(761,'上午','星期二',311),(762,'上午','星期三',311),(763,'上午','星期四',311),(764,'上午','星期五',311),(765,'上午','星期一',311),(766,'上午','星期二',313),(767,'上午','星期三',313),(768,'上午','星期四',313),(769,'上午','星期五',313),(770,'上午','星期一',313),(771,'上午','星期二',315),(772,'上午','星期三',315),(773,'上午','星期四',315),(774,'上午','星期五',315),(775,'上午','星期一',315),(776,'上午','星期二',317),(777,'上午','星期三',317),(778,'上午','星期四',317),(779,'上午','星期五',317),(780,'上午','星期一',317),(781,'上午','星期二',319),(782,'上午','星期三',319),(783,'上午','星期四',319),(784,'上午','星期五',319),(785,'上午','星期一',319),(786,'上午','星期二',321),(787,'上午','星期三',321),(788,'上午','星期四',321),(789,'上午','星期五',321),(790,'上午','星期一',321),(791,'上午','星期二',323),(792,'上午','星期三',323),(793,'上午','星期四',323),(794,'上午','星期五',323),(795,'上午','星期一',323),(796,'上午','星期二',325),(797,'上午','星期三',325),(798,'上午','星期四',325),(799,'上午','星期五',325),(800,'上午','星期一',325),(801,'上午','星期二',327),(802,'上午','星期三',327),(803,'上午','星期四',327),(804,'上午','星期五',327),(805,'上午','星期一',327),(806,'上午','星期二',329),(807,'上午','星期三',329),(808,'上午','星期四',329),(809,'上午','星期五',329),(810,'上午','星期一',329),(811,'上午','星期二',331),(812,'上午','星期三',331),(813,'上午','星期四',331),(814,'上午','星期五',331),(815,'上午','星期一',331),(816,'上午','星期二',333),(817,'上午','星期三',333),(818,'上午','星期四',333),(819,'上午','星期五',333),(820,'上午','星期一',333),(821,'上午','星期二',335),(822,'上午','星期三',335),(823,'上午','星期四',335),(824,'上午','星期五',335),(825,'上午','星期一',335),(826,'上午','星期二',337),(827,'上午','星期三',337),(828,'上午','星期四',337),(829,'上午','星期五',337),(830,'上午','星期一',337),(831,'上午','星期二',339),(832,'上午','星期三',339),(833,'上午','星期四',339),(834,'上午','星期五',339),(835,'上午','星期一',339),(836,'上午','星期二',341),(837,'上午','星期三',341),(838,'上午','星期四',341),(839,'上午','星期五',341),(840,'上午','星期一',341),(841,'上午','星期二',343),(842,'上午','星期三',343),(843,'上午','星期四',343),(844,'上午','星期五',343),(845,'上午','星期一',343),(846,'上午','星期二',345),(847,'上午','星期三',345),(848,'上午','星期四',345),(849,'上午','星期五',345),(850,'上午','星期一',345),(851,'上午','星期二',347),(852,'上午','星期三',347),(853,'上午','星期四',347),(854,'上午','星期五',347),(855,'上午','星期一',347),(856,'上午','星期二',349),(857,'上午','星期三',349),(858,'上午','星期四',349),(859,'上午','星期五',349),(860,'上午','星期一',349),(861,'上午','星期二',351),(862,'上午','星期三',351),(863,'上午','星期四',351),(864,'上午','星期五',351),(865,'上午','星期一',351),(866,'上午','星期二',353),(867,'上午','星期三',353),(868,'上午','星期四',353),(869,'上午','星期五',353),(870,'上午','星期一',353),(871,'上午','星期二',355),(872,'上午','星期三',355),(873,'上午','星期四',355),(874,'上午','星期五',355),(875,'上午','星期一',355),(876,'上午','星期二',357),(877,'上午','星期三',357),(878,'上午','星期四',357),(879,'上午','星期五',357),(880,'上午','星期一',357),(881,'上午','星期二',359),(882,'上午','星期三',359),(883,'上午','星期四',359),(884,'上午','星期五',359),(885,'上午','星期一',359),(886,'上午','星期二',361),(887,'上午','星期三',361),(888,'上午','星期四',361),(889,'上午','星期五',361),(890,'上午','星期一',361),(891,'上午','星期二',363),(892,'上午','星期三',363),(893,'上午','星期四',363),(894,'上午','星期五',363),(895,'上午','星期一',363),(896,'上午','星期二',365),(897,'上午','星期三',365),(898,'上午','星期四',365),(899,'上午','星期五',365),(900,'上午','星期一',365),(901,'上午','星期二',367),(902,'上午','星期三',367),(903,'上午','星期四',367),(904,'上午','星期五',367),(905,'上午','星期一',367),(906,'上午','星期二',369),(907,'上午','星期三',369),(908,'上午','星期四',369),(909,'上午','星期五',369),(910,'上午','星期一',369),(911,'上午','星期二',371),(912,'上午','星期三',371),(913,'上午','星期四',371),(914,'上午','星期五',371),(915,'上午','星期一',371),(916,'上午','星期二',373),(917,'上午','星期三',373),(918,'上午','星期四',373),(919,'上午','星期五',373),(920,'上午','星期一',373),(921,'上午','星期二',375),(922,'上午','星期三',375),(923,'上午','星期四',375),(924,'上午','星期五',375),(925,'上午','星期一',375),(926,'上午','星期二',377),(927,'上午','星期三',377),(928,'上午','星期四',377),(929,'上午','星期五',377),(930,'上午','星期一',377),(931,'上午','星期二',379),(932,'上午','星期三',379),(933,'上午','星期四',379),(934,'上午','星期五',379),(935,'上午','星期一',379),(936,'上午','星期二',381),(937,'上午','星期三',381),(938,'上午','星期四',381),(939,'上午','星期五',381),(940,'上午','星期一',381),(941,'上午','星期二',383),(942,'上午','星期三',383),(943,'上午','星期四',383),(944,'上午','星期五',383),(945,'上午','星期一',383),(946,'上午','星期二',385),(947,'上午','星期三',385),(948,'上午','星期四',385),(949,'上午','星期五',385),(950,'上午','星期一',385),(951,'上午','星期二',387),(952,'上午','星期三',387),(953,'上午','星期四',387),(954,'上午','星期五',387),(955,'上午','星期一',387),(956,'上午','星期二',389),(957,'上午','星期三',389),(958,'上午','星期四',389),(959,'上午','星期五',389),(960,'上午','星期一',389),(961,'上午','星期二',391),(962,'上午','星期三',391),(963,'上午','星期四',391),(964,'上午','星期五',391),(965,'上午','星期一',391),(966,'上午','星期二',393),(967,'上午','星期三',393),(968,'上午','星期四',393),(969,'上午','星期五',393),(970,'上午','星期一',393),(971,'上午','星期二',395),(972,'上午','星期三',395),(973,'上午','星期四',395),(974,'上午','星期五',395),(975,'上午','星期一',395),(976,'上午','星期二',397),(977,'上午','星期三',397),(978,'上午','星期四',397),(979,'上午','星期五',397),(980,'上午','星期一',397),(981,'上午','星期二',399),(982,'上午','星期三',399),(983,'上午','星期四',399),(984,'上午','星期五',399),(985,'上午','星期一',399),(986,'上午','星期二',401),(987,'上午','星期三',401),(988,'上午','星期四',401),(989,'上午','星期五',401),(990,'上午','星期一',401),(991,'上午','星期二',403),(992,'上午','星期三',403),(993,'上午','星期四',403),(994,'上午','星期五',403),(995,'上午','星期一',403),(996,'上午','星期二',405),(997,'上午','星期三',405),(998,'上午','星期四',405),(999,'上午','星期五',405),(1000,'上午','星期一',405),(1001,'上午','星期二',407),(1002,'上午','星期三',407),(1003,'上午','星期四',407),(1004,'上午','星期五',407),(1005,'上午','星期一',407),(1006,'上午','星期二',409),(1007,'上午','星期三',409),(1008,'上午','星期四',409),(1009,'上午','星期五',409),(1010,'上午','星期一',409),(1011,'上午','星期二',411),(1012,'上午','星期三',411),(1013,'上午','星期四',411),(1014,'上午','星期五',411),(1015,'上午','星期一',411),(1016,'上午','星期二',413),(1017,'上午','星期三',413),(1018,'上午','星期四',413),(1019,'上午','星期五',413),(1020,'上午','星期一',413),(1021,'上午','星期二',415),(1022,'上午','星期三',415),(1023,'上午','星期四',415),(1024,'上午','星期五',415),(1025,'上午','星期一',415),(1026,'上午','星期二',417),(1027,'上午','星期三',417),(1028,'上午','星期四',417),(1029,'上午','星期五',417),(1030,'上午','星期一',417),(1031,'上午','星期二',419),(1032,'上午','星期三',419),(1033,'上午','星期四',419),(1034,'上午','星期五',419),(1035,'上午','星期一',419),(1036,'上午','星期二',421),(1037,'上午','星期三',421),(1038,'上午','星期四',421),(1039,'上午','星期五',421),(1040,'上午','星期一',421),(1041,'上午','星期二',423),(1042,'上午','星期三',423),(1043,'上午','星期四',423),(1044,'上午','星期五',423),(1045,'上午','星期一',423),(1046,'上午','星期二',425),(1047,'上午','星期三',425),(1048,'上午','星期四',425),(1049,'上午','星期五',425),(1050,'上午','星期一',425),(1051,'上午','星期二',427),(1052,'上午','星期三',427),(1053,'上午','星期四',427),(1054,'上午','星期五',427),(1055,'上午','星期一',427),(1056,'上午','星期二',429),(1057,'上午','星期三',429),(1058,'上午','星期四',429),(1059,'上午','星期五',429),(1060,'上午','星期一',429),(1061,'上午','星期二',431),(1062,'上午','星期三',431),(1063,'上午','星期四',431),(1064,'上午','星期五',431),(1065,'上午','星期一',431),(1066,'上午','星期二',433),(1067,'上午','星期三',433),(1068,'上午','星期四',433),(1069,'上午','星期五',433),(1070,'上午','星期一',433),(1071,'上午','星期二',435),(1072,'上午','星期三',435),(1073,'上午','星期四',435),(1074,'上午','星期五',435),(1075,'上午','星期一',435),(1076,'上午','星期二',437),(1077,'上午','星期三',437),(1078,'上午','星期四',437),(1079,'上午','星期五',437),(1080,'上午','星期一',437),(1081,'上午','星期二',439),(1082,'上午','星期三',439),(1083,'上午','星期四',439),(1084,'上午','星期五',439),(1085,'上午','星期一',439),(1086,'上午','星期二',441),(1087,'上午','星期三',441),(1088,'上午','星期四',441),(1089,'上午','星期五',441),(1090,'上午','星期一',441),(1091,'上午','星期二',443),(1092,'上午','星期三',443),(1093,'上午','星期四',443),(1094,'上午','星期五',443),(1095,'上午','星期一',443),(1096,'上午','星期二',445),(1097,'上午','星期三',445),(1098,'上午','星期四',445),(1099,'上午','星期五',445),(1100,'上午','星期一',445),(1101,'上午','星期二',447),(1102,'上午','星期三',447),(1103,'上午','星期四',447),(1104,'上午','星期五',447),(1105,'上午','星期一',447),(1106,'上午','星期二',449),(1107,'上午','星期三',449),(1108,'上午','星期四',449),(1109,'上午','星期五',449),(1110,'上午','星期一',449),(1111,'上午','星期二',451),(1112,'上午','星期三',451),(1113,'上午','星期四',451),(1114,'上午','星期五',451),(1115,'上午','星期一',451),(1116,'上午','星期二',453),(1117,'上午','星期三',453),(1118,'上午','星期四',453),(1119,'上午','星期五',453),(1120,'上午','星期一',453),(1121,'上午','星期二',455),(1122,'上午','星期三',455),(1123,'上午','星期四',455),(1124,'上午','星期五',455),(1125,'上午','星期一',455),(1126,'上午','星期二',457),(1127,'上午','星期三',457),(1128,'上午','星期四',457),(1129,'上午','星期五',457),(1130,'上午','星期一',457),(1131,'上午','星期二',459),(1132,'上午','星期三',459),(1133,'上午','星期四',459),(1134,'上午','星期五',459),(1135,'上午','星期一',459),(1136,'上午','星期二',461),(1137,'上午','星期三',461),(1138,'上午','星期四',461),(1139,'上午','星期五',461),(1140,'上午','星期一',461),(1141,'上午','星期二',463),(1142,'上午','星期三',463),(1143,'上午','星期四',463),(1144,'上午','星期五',463),(1145,'上午','星期一',463),(1146,'上午','星期二',465),(1147,'上午','星期三',465),(1148,'上午','星期四',465),(1149,'上午','星期五',465),(1150,'上午','星期一',465),(1151,'上午','星期二',467),(1152,'上午','星期三',467),(1153,'上午','星期四',467),(1154,'上午','星期五',467),(1155,'上午','星期一',467),(1156,'上午','星期二',469),(1157,'上午','星期三',469),(1158,'上午','星期四',469),(1159,'上午','星期五',469),(1160,'上午','星期一',469),(1161,'上午','星期二',471),(1162,'上午','星期三',471),(1163,'上午','星期四',471),(1164,'上午','星期五',471),(1165,'上午','星期一',471),(1166,'上午','星期二',473),(1167,'上午','星期三',473),(1168,'上午','星期四',473),(1169,'上午','星期五',473),(1170,'上午','星期一',473),(1171,'上午','星期二',475),(1172,'上午','星期三',475),(1173,'上午','星期四',475),(1174,'上午','星期五',475),(1175,'上午','星期一',475),(1176,'上午','星期二',477),(1177,'上午','星期三',477),(1178,'上午','星期四',477),(1179,'上午','星期五',477),(1180,'上午','星期一',477),(1181,'上午','星期二',479),(1182,'上午','星期三',479),(1183,'上午','星期四',479),(1184,'上午','星期五',479),(1185,'上午','星期一',479),(1186,'上午','星期二',481),(1187,'上午','星期三',481),(1188,'上午','星期四',481),(1189,'上午','星期五',481),(1190,'上午','星期一',481),(1191,'上午','星期二',483),(1192,'上午','星期三',483),(1193,'上午','星期四',483),(1194,'上午','星期五',483),(1195,'上午','星期一',483),(1196,'上午','星期二',485),(1197,'上午','星期三',485),(1198,'上午','星期四',485),(1199,'上午','星期五',485),(1200,'上午','星期一',485),(1201,'上午','星期二',487),(1202,'上午','星期三',487),(1203,'上午','星期四',487),(1204,'上午','星期五',487),(1205,'上午','星期一',487),(1206,'上午','星期二',489),(1207,'上午','星期三',489),(1208,'上午','星期四',489),(1209,'上午','星期五',489),(1210,'上午','星期一',489),(1211,'上午','星期二',491),(1212,'上午','星期三',491),(1213,'上午','星期四',491),(1214,'上午','星期五',491),(1215,'上午','星期一',491),(1216,'上午','星期二',493),(1217,'上午','星期三',493),(1218,'上午','星期四',493),(1219,'上午','星期五',493),(1220,'上午','星期一',493),(1221,'上午','星期二',495),(1222,'上午','星期三',495),(1223,'上午','星期四',495),(1224,'上午','星期五',495),(1225,'上午','星期一',495),(1226,'上午','星期二',497),(1227,'上午','星期三',497),(1228,'上午','星期四',497),(1229,'上午','星期五',497),(1230,'上午','星期一',497),(1231,'上午','星期二',499),(1232,'上午','星期三',499),(1233,'上午','星期四',499),(1234,'上午','星期五',499),(1235,'上午','星期一',499),(1236,'上午','星期二',501),(1237,'上午','星期三',501),(1238,'上午','星期四',501),(1239,'上午','星期五',501),(1240,'上午','星期一',501),(1241,'上午','星期二',503),(1242,'上午','星期三',503),(1243,'上午','星期四',503),(1244,'上午','星期五',503),(1245,'上午','星期一',503),(1246,'上午','星期二',505),(1247,'上午','星期三',505),(1248,'上午','星期四',505),(1249,'上午','星期五',505),(1250,'上午','星期一',505),(1251,'上午','星期二',507),(1252,'上午','星期三',507),(1253,'上午','星期四',507),(1254,'上午','星期五',507),(1255,'上午','星期一',507),(1256,'上午','星期二',509),(1257,'上午','星期三',509),(1258,'上午','星期四',509),(1259,'上午','星期五',509),(1260,'上午','星期一',509),(1261,'下午','星期二',8),(1262,'下午','星期三',8),(1263,'下午','星期四',8),(1264,'下午','星期五',8),(1265,'下午','星期一',8),(1266,'下午','星期二',10),(1267,'下午','星期三',10),(1268,'下午','星期四',10),(1269,'下午','星期五',10),(1270,'下午','星期一',10),(1271,'下午','星期二',12),(1272,'下午','星期三',12),(1273,'下午','星期四',12),(1274,'下午','星期五',12),(1275,'下午','星期一',12),(1276,'下午','星期二',14),(1277,'下午','星期三',14),(1278,'下午','星期四',14),(1279,'下午','星期五',14),(1280,'下午','星期一',14),(1281,'下午','星期二',16),(1282,'下午','星期三',16),(1283,'下午','星期四',16),(1284,'下午','星期五',16),(1285,'下午','星期一',16),(1286,'下午','星期二',18),(1287,'下午','星期三',18),(1288,'下午','星期四',18),(1289,'下午','星期五',18),(1290,'下午','星期一',18),(1291,'下午','星期二',20),(1292,'下午','星期三',20),(1293,'下午','星期四',20),(1294,'下午','星期五',20),(1295,'下午','星期一',20),(1296,'下午','星期二',22),(1297,'下午','星期三',22),(1298,'下午','星期四',22),(1299,'下午','星期五',22),(1300,'下午','星期一',22),(1301,'下午','星期二',24),(1302,'下午','星期三',24),(1303,'下午','星期四',24),(1304,'下午','星期五',24),(1305,'下午','星期一',24),(1306,'下午','星期二',26),(1307,'下午','星期三',26),(1308,'下午','星期四',26),(1309,'下午','星期五',26),(1310,'下午','星期一',26),(1311,'下午','星期二',28),(1312,'下午','星期三',28),(1313,'下午','星期四',28),(1314,'下午','星期五',28),(1315,'下午','星期一',28),(1316,'下午','星期二',30),(1317,'下午','星期三',30),(1318,'下午','星期四',30),(1319,'下午','星期五',30),(1320,'下午','星期一',30),(1321,'下午','星期二',32),(1322,'下午','星期三',32),(1323,'下午','星期四',32),(1324,'下午','星期五',32),(1325,'下午','星期一',32),(1326,'下午','星期二',34),(1327,'下午','星期三',34),(1328,'下午','星期四',34),(1329,'下午','星期五',34),(1330,'下午','星期一',34),(1331,'下午','星期二',36),(1332,'下午','星期三',36),(1333,'下午','星期四',36),(1334,'下午','星期五',36),(1335,'下午','星期一',36),(1336,'下午','星期二',38),(1337,'下午','星期三',38),(1338,'下午','星期四',38),(1339,'下午','星期五',38),(1340,'下午','星期一',38),(1341,'下午','星期二',40),(1342,'下午','星期三',40),(1343,'下午','星期四',40),(1344,'下午','星期五',40),(1345,'下午','星期一',40),(1346,'下午','星期二',42),(1347,'下午','星期三',42),(1348,'下午','星期四',42),(1349,'下午','星期五',42),(1350,'下午','星期一',42),(1351,'下午','星期二',44),(1352,'下午','星期三',44),(1353,'下午','星期四',44),(1354,'下午','星期五',44),(1355,'下午','星期一',44),(1356,'下午','星期二',46),(1357,'下午','星期三',46),(1358,'下午','星期四',46),(1359,'下午','星期五',46),(1360,'下午','星期一',46),(1361,'下午','星期二',48),(1362,'下午','星期三',48),(1363,'下午','星期四',48),(1364,'下午','星期五',48),(1365,'下午','星期一',48),(1366,'下午','星期二',50),(1367,'下午','星期三',50),(1368,'下午','星期四',50),(1369,'下午','星期五',50),(1370,'下午','星期一',50),(1371,'下午','星期二',52),(1372,'下午','星期三',52),(1373,'下午','星期四',52),(1374,'下午','星期五',52),(1375,'下午','星期一',52),(1376,'下午','星期二',54),(1377,'下午','星期三',54),(1378,'下午','星期四',54),(1379,'下午','星期五',54),(1380,'下午','星期一',54),(1381,'下午','星期二',56),(1382,'下午','星期三',56),(1383,'下午','星期四',56),(1384,'下午','星期五',56),(1385,'下午','星期一',56),(1386,'下午','星期二',58),(1387,'下午','星期三',58),(1388,'下午','星期四',58),(1389,'下午','星期五',58),(1390,'下午','星期一',58),(1391,'下午','星期二',60),(1392,'下午','星期三',60),(1393,'下午','星期四',60),(1394,'下午','星期五',60),(1395,'下午','星期一',60),(1396,'下午','星期二',62),(1397,'下午','星期三',62),(1398,'下午','星期四',62),(1399,'下午','星期五',62),(1400,'下午','星期一',62),(1401,'下午','星期二',64),(1402,'下午','星期三',64),(1403,'下午','星期四',64),(1404,'下午','星期五',64),(1405,'下午','星期一',64),(1406,'下午','星期二',66),(1407,'下午','星期三',66),(1408,'下午','星期四',66),(1409,'下午','星期五',66),(1410,'下午','星期一',66),(1411,'下午','星期二',68),(1412,'下午','星期三',68),(1413,'下午','星期四',68),(1414,'下午','星期五',68),(1415,'下午','星期一',68),(1416,'下午','星期二',70),(1417,'下午','星期三',70),(1418,'下午','星期四',70),(1419,'下午','星期五',70),(1420,'下午','星期一',70),(1421,'下午','星期二',72),(1422,'下午','星期三',72),(1423,'下午','星期四',72),(1424,'下午','星期五',72),(1425,'下午','星期一',72),(1426,'下午','星期二',74),(1427,'下午','星期三',74),(1428,'下午','星期四',74),(1429,'下午','星期五',74),(1430,'下午','星期一',74),(1431,'下午','星期二',76),(1432,'下午','星期三',76),(1433,'下午','星期四',76),(1434,'下午','星期五',76),(1435,'下午','星期一',76),(1436,'下午','星期二',78),(1437,'下午','星期三',78),(1438,'下午','星期四',78),(1439,'下午','星期五',78),(1440,'下午','星期一',78),(1441,'下午','星期二',80),(1442,'下午','星期三',80),(1443,'下午','星期四',80),(1444,'下午','星期五',80),(1445,'下午','星期一',80),(1446,'下午','星期二',82),(1447,'下午','星期三',82),(1448,'下午','星期四',82),(1449,'下午','星期五',82),(1450,'下午','星期一',82),(1451,'下午','星期二',84),(1452,'下午','星期三',84),(1453,'下午','星期四',84),(1454,'下午','星期五',84),(1455,'下午','星期一',84),(1456,'下午','星期二',86),(1457,'下午','星期三',86),(1458,'下午','星期四',86),(1459,'下午','星期五',86),(1460,'下午','星期一',86),(1461,'下午','星期二',88),(1462,'下午','星期三',88),(1463,'下午','星期四',88),(1464,'下午','星期五',88),(1465,'下午','星期一',88),(1466,'下午','星期二',90),(1467,'下午','星期三',90),(1468,'下午','星期四',90),(1469,'下午','星期五',90),(1470,'下午','星期一',90),(1471,'下午','星期二',92),(1472,'下午','星期三',92),(1473,'下午','星期四',92),(1474,'下午','星期五',92),(1475,'下午','星期一',92),(1476,'下午','星期二',94),(1477,'下午','星期三',94),(1478,'下午','星期四',94),(1479,'下午','星期五',94),(1480,'下午','星期一',94),(1481,'下午','星期二',96),(1482,'下午','星期三',96),(1483,'下午','星期四',96),(1484,'下午','星期五',96),(1485,'下午','星期一',96),(1486,'下午','星期二',98),(1487,'下午','星期三',98),(1488,'下午','星期四',98),(1489,'下午','星期五',98),(1490,'下午','星期一',98),(1491,'下午','星期二',100),(1492,'下午','星期三',100),(1493,'下午','星期四',100),(1494,'下午','星期五',100),(1495,'下午','星期一',100),(1496,'下午','星期二',102),(1497,'下午','星期三',102),(1498,'下午','星期四',102),(1499,'下午','星期五',102),(1500,'下午','星期一',102),(1501,'下午','星期二',104),(1502,'下午','星期三',104),(1503,'下午','星期四',104),(1504,'下午','星期五',104),(1505,'下午','星期一',104),(1506,'下午','星期二',106),(1507,'下午','星期三',106),(1508,'下午','星期四',106),(1509,'下午','星期五',106),(1510,'下午','星期一',106),(1511,'下午','星期二',108),(1512,'下午','星期三',108),(1513,'下午','星期四',108),(1514,'下午','星期五',108),(1515,'下午','星期一',108),(1516,'下午','星期二',110),(1517,'下午','星期三',110),(1518,'下午','星期四',110),(1519,'下午','星期五',110),(1520,'下午','星期一',110),(1521,'下午','星期二',112),(1522,'下午','星期三',112),(1523,'下午','星期四',112),(1524,'下午','星期五',112),(1525,'下午','星期一',112),(1526,'下午','星期二',114),(1527,'下午','星期三',114),(1528,'下午','星期四',114),(1529,'下午','星期五',114),(1530,'下午','星期一',114),(1531,'下午','星期二',116),(1532,'下午','星期三',116),(1533,'下午','星期四',116),(1534,'下午','星期五',116),(1535,'下午','星期一',116),(1536,'下午','星期二',118),(1537,'下午','星期三',118),(1538,'下午','星期四',118),(1539,'下午','星期五',118),(1540,'下午','星期一',118),(1541,'下午','星期二',120),(1542,'下午','星期三',120),(1543,'下午','星期四',120),(1544,'下午','星期五',120),(1545,'下午','星期一',120),(1546,'下午','星期二',122),(1547,'下午','星期三',122),(1548,'下午','星期四',122),(1549,'下午','星期五',122),(1550,'下午','星期一',122),(1551,'下午','星期二',124),(1552,'下午','星期三',124),(1553,'下午','星期四',124),(1554,'下午','星期五',124),(1555,'下午','星期一',124),(1556,'下午','星期二',126),(1557,'下午','星期三',126),(1558,'下午','星期四',126),(1559,'下午','星期五',126),(1560,'下午','星期一',126),(1561,'下午','星期二',128),(1562,'下午','星期三',128),(1563,'下午','星期四',128),(1564,'下午','星期五',128),(1565,'下午','星期一',128),(1566,'下午','星期二',130),(1567,'下午','星期三',130),(1568,'下午','星期四',130),(1569,'下午','星期五',130),(1570,'下午','星期一',130),(1571,'下午','星期二',132),(1572,'下午','星期三',132),(1573,'下午','星期四',132),(1574,'下午','星期五',132),(1575,'下午','星期一',132),(1576,'下午','星期二',134),(1577,'下午','星期三',134),(1578,'下午','星期四',134),(1579,'下午','星期五',134),(1580,'下午','星期一',134),(1581,'下午','星期二',136),(1582,'下午','星期三',136),(1583,'下午','星期四',136),(1584,'下午','星期五',136),(1585,'下午','星期一',136),(1586,'下午','星期二',138),(1587,'下午','星期三',138),(1588,'下午','星期四',138),(1589,'下午','星期五',138),(1590,'下午','星期一',138),(1591,'下午','星期二',140),(1592,'下午','星期三',140),(1593,'下午','星期四',140),(1594,'下午','星期五',140),(1595,'下午','星期一',140),(1596,'下午','星期二',142),(1597,'下午','星期三',142),(1598,'下午','星期四',142),(1599,'下午','星期五',142),(1600,'下午','星期一',142),(1601,'下午','星期二',144),(1602,'下午','星期三',144),(1603,'下午','星期四',144),(1604,'下午','星期五',144),(1605,'下午','星期一',144),(1606,'下午','星期二',146),(1607,'下午','星期三',146),(1608,'下午','星期四',146),(1609,'下午','星期五',146),(1610,'下午','星期一',146),(1611,'下午','星期二',148),(1612,'下午','星期三',148),(1613,'下午','星期四',148),(1614,'下午','星期五',148),(1615,'下午','星期一',148),(1616,'下午','星期二',150),(1617,'下午','星期三',150),(1618,'下午','星期四',150),(1619,'下午','星期五',150),(1620,'下午','星期一',150),(1621,'下午','星期二',152),(1622,'下午','星期三',152),(1623,'下午','星期四',152),(1624,'下午','星期五',152),(1625,'下午','星期一',152),(1626,'下午','星期二',154),(1627,'下午','星期三',154),(1628,'下午','星期四',154),(1629,'下午','星期五',154),(1630,'下午','星期一',154),(1631,'下午','星期二',156),(1632,'下午','星期三',156),(1633,'下午','星期四',156),(1634,'下午','星期五',156),(1635,'下午','星期一',156),(1636,'下午','星期二',158),(1637,'下午','星期三',158),(1638,'下午','星期四',158),(1639,'下午','星期五',158),(1640,'下午','星期一',158),(1641,'下午','星期二',160),(1642,'下午','星期三',160),(1643,'下午','星期四',160),(1644,'下午','星期五',160),(1645,'下午','星期一',160),(1646,'下午','星期二',162),(1647,'下午','星期三',162),(1648,'下午','星期四',162),(1649,'下午','星期五',162),(1650,'下午','星期一',162),(1651,'下午','星期二',164),(1652,'下午','星期三',164),(1653,'下午','星期四',164),(1654,'下午','星期五',164),(1655,'下午','星期一',164),(1656,'下午','星期二',166),(1657,'下午','星期三',166),(1658,'下午','星期四',166),(1659,'下午','星期五',166),(1660,'下午','星期一',166),(1661,'下午','星期二',168),(1662,'下午','星期三',168),(1663,'下午','星期四',168),(1664,'下午','星期五',168),(1665,'下午','星期一',168),(1666,'下午','星期二',170),(1667,'下午','星期三',170),(1668,'下午','星期四',170),(1669,'下午','星期五',170),(1670,'下午','星期一',170),(1671,'下午','星期二',172),(1672,'下午','星期三',172),(1673,'下午','星期四',172),(1674,'下午','星期五',172),(1675,'下午','星期一',172),(1676,'下午','星期二',174),(1677,'下午','星期三',174),(1678,'下午','星期四',174),(1679,'下午','星期五',174),(1680,'下午','星期一',174),(1681,'下午','星期二',176),(1682,'下午','星期三',176),(1683,'下午','星期四',176),(1684,'下午','星期五',176),(1685,'下午','星期一',176),(1686,'下午','星期二',178),(1687,'下午','星期三',178),(1688,'下午','星期四',178),(1689,'下午','星期五',178),(1690,'下午','星期一',178),(1691,'下午','星期二',180),(1692,'下午','星期三',180),(1693,'下午','星期四',180),(1694,'下午','星期五',180),(1695,'下午','星期一',180),(1696,'下午','星期二',182),(1697,'下午','星期三',182),(1698,'下午','星期四',182),(1699,'下午','星期五',182),(1700,'下午','星期一',182),(1701,'下午','星期二',184),(1702,'下午','星期三',184),(1703,'下午','星期四',184),(1704,'下午','星期五',184),(1705,'下午','星期一',184),(1706,'下午','星期二',186),(1707,'下午','星期三',186),(1708,'下午','星期四',186),(1709,'下午','星期五',186),(1710,'下午','星期一',186),(1711,'下午','星期二',188),(1712,'下午','星期三',188),(1713,'下午','星期四',188),(1714,'下午','星期五',188),(1715,'下午','星期一',188),(1716,'下午','星期二',190),(1717,'下午','星期三',190),(1718,'下午','星期四',190),(1719,'下午','星期五',190),(1720,'下午','星期一',190),(1721,'下午','星期二',192),(1722,'下午','星期三',192),(1723,'下午','星期四',192),(1724,'下午','星期五',192),(1725,'下午','星期一',192),(1726,'下午','星期二',194),(1727,'下午','星期三',194),(1728,'下午','星期四',194),(1729,'下午','星期五',194),(1730,'下午','星期一',194),(1731,'下午','星期二',196),(1732,'下午','星期三',196),(1733,'下午','星期四',196),(1734,'下午','星期五',196),(1735,'下午','星期一',196),(1736,'下午','星期二',198),(1737,'下午','星期三',198),(1738,'下午','星期四',198),(1739,'下午','星期五',198),(1740,'下午','星期一',198),(1741,'下午','星期二',200),(1742,'下午','星期三',200),(1743,'下午','星期四',200),(1744,'下午','星期五',200),(1745,'下午','星期一',200),(1746,'下午','星期二',202),(1747,'下午','星期三',202),(1748,'下午','星期四',202),(1749,'下午','星期五',202),(1750,'下午','星期一',202),(1751,'下午','星期二',204),(1752,'下午','星期三',204),(1753,'下午','星期四',204),(1754,'下午','星期五',204),(1755,'下午','星期一',204),(1756,'下午','星期二',206),(1757,'下午','星期三',206),(1758,'下午','星期四',206),(1759,'下午','星期五',206),(1760,'下午','星期一',206),(1761,'下午','星期二',208),(1762,'下午','星期三',208),(1763,'下午','星期四',208),(1764,'下午','星期五',208),(1765,'下午','星期一',208),(1766,'下午','星期二',210),(1767,'下午','星期三',210),(1768,'下午','星期四',210),(1769,'下午','星期五',210),(1770,'下午','星期一',210),(1771,'下午','星期二',212),(1772,'下午','星期三',212),(1773,'下午','星期四',212),(1774,'下午','星期五',212),(1775,'下午','星期一',212),(1776,'下午','星期二',214),(1777,'下午','星期三',214),(1778,'下午','星期四',214),(1779,'下午','星期五',214),(1780,'下午','星期一',214),(1781,'下午','星期二',216),(1782,'下午','星期三',216),(1783,'下午','星期四',216),(1784,'下午','星期五',216),(1785,'下午','星期一',216),(1786,'下午','星期二',218),(1787,'下午','星期三',218),(1788,'下午','星期四',218),(1789,'下午','星期五',218),(1790,'下午','星期一',218),(1791,'下午','星期二',220),(1792,'下午','星期三',220),(1793,'下午','星期四',220),(1794,'下午','星期五',220),(1795,'下午','星期一',220),(1796,'下午','星期二',222),(1797,'下午','星期三',222),(1798,'下午','星期四',222),(1799,'下午','星期五',222),(1800,'下午','星期一',222),(1801,'下午','星期二',224),(1802,'下午','星期三',224),(1803,'下午','星期四',224),(1804,'下午','星期五',224),(1805,'下午','星期一',224),(1806,'下午','星期二',226),(1807,'下午','星期三',226),(1808,'下午','星期四',226),(1809,'下午','星期五',226),(1810,'下午','星期一',226),(1811,'下午','星期二',228),(1812,'下午','星期三',228),(1813,'下午','星期四',228),(1814,'下午','星期五',228),(1815,'下午','星期一',228),(1816,'下午','星期二',230),(1817,'下午','星期三',230),(1818,'下午','星期四',230),(1819,'下午','星期五',230),(1820,'下午','星期一',230),(1821,'下午','星期二',232),(1822,'下午','星期三',232),(1823,'下午','星期四',232),(1824,'下午','星期五',232),(1825,'下午','星期一',232),(1826,'下午','星期二',234),(1827,'下午','星期三',234),(1828,'下午','星期四',234),(1829,'下午','星期五',234),(1830,'下午','星期一',234),(1831,'下午','星期二',236),(1832,'下午','星期三',236),(1833,'下午','星期四',236),(1834,'下午','星期五',236),(1835,'下午','星期一',236),(1836,'下午','星期二',238),(1837,'下午','星期三',238),(1838,'下午','星期四',238),(1839,'下午','星期五',238),(1840,'下午','星期一',238),(1841,'下午','星期二',240),(1842,'下午','星期三',240),(1843,'下午','星期四',240),(1844,'下午','星期五',240),(1845,'下午','星期一',240),(1846,'下午','星期二',242),(1847,'下午','星期三',242),(1848,'下午','星期四',242),(1849,'下午','星期五',242),(1850,'下午','星期一',242),(1851,'下午','星期二',244),(1852,'下午','星期三',244),(1853,'下午','星期四',244),(1854,'下午','星期五',244),(1855,'下午','星期一',244),(1856,'下午','星期二',246),(1857,'下午','星期三',246),(1858,'下午','星期四',246),(1859,'下午','星期五',246),(1860,'下午','星期一',246),(1861,'下午','星期二',248),(1862,'下午','星期三',248),(1863,'下午','星期四',248),(1864,'下午','星期五',248),(1865,'下午','星期一',248),(1866,'下午','星期二',250),(1867,'下午','星期三',250),(1868,'下午','星期四',250),(1869,'下午','星期五',250),(1870,'下午','星期一',250),(1871,'下午','星期二',252),(1872,'下午','星期三',252),(1873,'下午','星期四',252),(1874,'下午','星期五',252),(1875,'下午','星期一',252),(1876,'下午','星期二',254),(1877,'下午','星期三',254),(1878,'下午','星期四',254),(1879,'下午','星期五',254),(1880,'下午','星期一',254),(1881,'下午','星期二',256),(1882,'下午','星期三',256),(1883,'下午','星期四',256),(1884,'下午','星期五',256),(1885,'下午','星期一',256),(1886,'下午','星期二',258),(1887,'下午','星期三',258),(1888,'下午','星期四',258),(1889,'下午','星期五',258),(1890,'下午','星期一',258),(1891,'下午','星期二',260),(1892,'下午','星期三',260),(1893,'下午','星期四',260),(1894,'下午','星期五',260),(1895,'下午','星期一',260),(1896,'下午','星期二',262),(1897,'下午','星期三',262),(1898,'下午','星期四',262),(1899,'下午','星期五',262),(1900,'下午','星期一',262),(1901,'下午','星期二',264),(1902,'下午','星期三',264),(1903,'下午','星期四',264),(1904,'下午','星期五',264),(1905,'下午','星期一',264),(1906,'下午','星期二',266),(1907,'下午','星期三',266),(1908,'下午','星期四',266),(1909,'下午','星期五',266),(1910,'下午','星期一',266),(1911,'下午','星期二',268),(1912,'下午','星期三',268),(1913,'下午','星期四',268),(1914,'下午','星期五',268),(1915,'下午','星期一',268),(1916,'下午','星期二',270),(1917,'下午','星期三',270),(1918,'下午','星期四',270),(1919,'下午','星期五',270),(1920,'下午','星期一',270),(1921,'下午','星期二',272),(1922,'下午','星期三',272),(1923,'下午','星期四',272),(1924,'下午','星期五',272),(1925,'下午','星期一',272),(1926,'下午','星期二',274),(1927,'下午','星期三',274),(1928,'下午','星期四',274),(1929,'下午','星期五',274),(1930,'下午','星期一',274),(1931,'下午','星期二',276),(1932,'下午','星期三',276),(1933,'下午','星期四',276),(1934,'下午','星期五',276),(1935,'下午','星期一',276),(1936,'下午','星期二',278),(1937,'下午','星期三',278),(1938,'下午','星期四',278),(1939,'下午','星期五',278),(1940,'下午','星期一',278),(1941,'下午','星期二',280),(1942,'下午','星期三',280),(1943,'下午','星期四',280),(1944,'下午','星期五',280),(1945,'下午','星期一',280),(1946,'下午','星期二',282),(1947,'下午','星期三',282),(1948,'下午','星期四',282),(1949,'下午','星期五',282),(1950,'下午','星期一',282),(1951,'下午','星期二',284),(1952,'下午','星期三',284),(1953,'下午','星期四',284),(1954,'下午','星期五',284),(1955,'下午','星期一',284),(1956,'下午','星期二',286),(1957,'下午','星期三',286),(1958,'下午','星期四',286),(1959,'下午','星期五',286),(1960,'下午','星期一',286),(1961,'下午','星期二',288),(1962,'下午','星期三',288),(1963,'下午','星期四',288),(1964,'下午','星期五',288),(1965,'下午','星期一',288),(1966,'下午','星期二',290),(1967,'下午','星期三',290),(1968,'下午','星期四',290),(1969,'下午','星期五',290),(1970,'下午','星期一',290),(1971,'下午','星期二',292),(1972,'下午','星期三',292),(1973,'下午','星期四',292),(1974,'下午','星期五',292),(1975,'下午','星期一',292),(1976,'下午','星期二',294),(1977,'下午','星期三',294),(1978,'下午','星期四',294),(1979,'下午','星期五',294),(1980,'下午','星期一',294),(1981,'下午','星期二',296),(1982,'下午','星期三',296),(1983,'下午','星期四',296),(1984,'下午','星期五',296),(1985,'下午','星期一',296),(1986,'下午','星期二',298),(1987,'下午','星期三',298),(1988,'下午','星期四',298),(1989,'下午','星期五',298),(1990,'下午','星期一',298),(1991,'下午','星期二',300),(1992,'下午','星期三',300),(1993,'下午','星期四',300),(1994,'下午','星期五',300),(1995,'下午','星期一',300),(1996,'下午','星期二',302),(1997,'下午','星期三',302),(1998,'下午','星期四',302),(1999,'下午','星期五',302),(2000,'下午','星期一',302),(2001,'下午','星期二',304),(2002,'下午','星期三',304),(2003,'下午','星期四',304),(2004,'下午','星期五',304),(2005,'下午','星期一',304),(2006,'下午','星期二',306),(2007,'下午','星期三',306),(2008,'下午','星期四',306),(2009,'下午','星期五',306),(2010,'下午','星期一',306),(2011,'下午','星期二',308),(2012,'下午','星期三',308),(2013,'下午','星期四',308),(2014,'下午','星期五',308),(2015,'下午','星期一',308),(2016,'下午','星期二',310),(2017,'下午','星期三',310),(2018,'下午','星期四',310),(2019,'下午','星期五',310),(2020,'下午','星期一',310),(2021,'下午','星期二',312),(2022,'下午','星期三',312),(2023,'下午','星期四',312),(2024,'下午','星期五',312),(2025,'下午','星期一',312),(2026,'下午','星期二',314),(2027,'下午','星期三',314),(2028,'下午','星期四',314),(2029,'下午','星期五',314),(2030,'下午','星期一',314),(2031,'下午','星期二',316),(2032,'下午','星期三',316),(2033,'下午','星期四',316),(2034,'下午','星期五',316),(2035,'下午','星期一',316),(2036,'下午','星期二',318),(2037,'下午','星期三',318),(2038,'下午','星期四',318),(2039,'下午','星期五',318),(2040,'下午','星期一',318),(2041,'下午','星期二',320),(2042,'下午','星期三',320),(2043,'下午','星期四',320),(2044,'下午','星期五',320),(2045,'下午','星期一',320),(2046,'下午','星期二',322),(2047,'下午','星期三',322),(2048,'下午','星期四',322),(2049,'下午','星期五',322),(2050,'下午','星期一',322),(2051,'下午','星期二',324),(2052,'下午','星期三',324),(2053,'下午','星期四',324),(2054,'下午','星期五',324),(2055,'下午','星期一',324),(2056,'下午','星期二',326),(2057,'下午','星期三',326),(2058,'下午','星期四',326),(2059,'下午','星期五',326),(2060,'下午','星期一',326),(2061,'下午','星期二',328),(2062,'下午','星期三',328),(2063,'下午','星期四',328),(2064,'下午','星期五',328),(2065,'下午','星期一',328),(2066,'下午','星期二',330),(2067,'下午','星期三',330),(2068,'下午','星期四',330),(2069,'下午','星期五',330),(2070,'下午','星期一',330),(2071,'下午','星期二',332),(2072,'下午','星期三',332),(2073,'下午','星期四',332),(2074,'下午','星期五',332),(2075,'下午','星期一',332),(2076,'下午','星期二',334),(2077,'下午','星期三',334),(2078,'下午','星期四',334),(2079,'下午','星期五',334),(2080,'下午','星期一',334),(2081,'下午','星期二',336),(2082,'下午','星期三',336),(2083,'下午','星期四',336),(2084,'下午','星期五',336),(2085,'下午','星期一',336),(2086,'下午','星期二',338),(2087,'下午','星期三',338),(2088,'下午','星期四',338),(2089,'下午','星期五',338),(2090,'下午','星期一',338),(2091,'下午','星期二',340),(2092,'下午','星期三',340),(2093,'下午','星期四',340),(2094,'下午','星期五',340),(2095,'下午','星期一',340),(2096,'下午','星期二',342),(2097,'下午','星期三',342),(2098,'下午','星期四',342),(2099,'下午','星期五',342),(2100,'下午','星期一',342),(2101,'下午','星期二',344),(2102,'下午','星期三',344),(2103,'下午','星期四',344),(2104,'下午','星期五',344),(2105,'下午','星期一',344),(2106,'下午','星期二',346),(2107,'下午','星期三',346),(2108,'下午','星期四',346),(2109,'下午','星期五',346),(2110,'下午','星期一',346),(2111,'下午','星期二',348),(2112,'下午','星期三',348),(2113,'下午','星期四',348),(2114,'下午','星期五',348),(2115,'下午','星期一',348),(2116,'下午','星期二',350),(2117,'下午','星期三',350),(2118,'下午','星期四',350),(2119,'下午','星期五',350),(2120,'下午','星期一',350),(2121,'下午','星期二',352),(2122,'下午','星期三',352),(2123,'下午','星期四',352),(2124,'下午','星期五',352),(2125,'下午','星期一',352),(2126,'下午','星期二',354),(2127,'下午','星期三',354),(2128,'下午','星期四',354),(2129,'下午','星期五',354),(2130,'下午','星期一',354),(2131,'下午','星期二',356),(2132,'下午','星期三',356),(2133,'下午','星期四',356),(2134,'下午','星期五',356),(2135,'下午','星期一',356),(2136,'下午','星期二',358),(2137,'下午','星期三',358),(2138,'下午','星期四',358),(2139,'下午','星期五',358),(2140,'下午','星期一',358),(2141,'下午','星期二',360),(2142,'下午','星期三',360),(2143,'下午','星期四',360),(2144,'下午','星期五',360),(2145,'下午','星期一',360),(2146,'下午','星期二',362),(2147,'下午','星期三',362),(2148,'下午','星期四',362),(2149,'下午','星期五',362),(2150,'下午','星期一',362),(2151,'下午','星期二',364),(2152,'下午','星期三',364),(2153,'下午','星期四',364),(2154,'下午','星期五',364),(2155,'下午','星期一',364),(2156,'下午','星期二',366),(2157,'下午','星期三',366),(2158,'下午','星期四',366),(2159,'下午','星期五',366),(2160,'下午','星期一',366),(2161,'下午','星期二',368),(2162,'下午','星期三',368),(2163,'下午','星期四',368),(2164,'下午','星期五',368),(2165,'下午','星期一',368),(2166,'下午','星期二',370),(2167,'下午','星期三',370),(2168,'下午','星期四',370),(2169,'下午','星期五',370),(2170,'下午','星期一',370),(2171,'下午','星期二',372),(2172,'下午','星期三',372),(2173,'下午','星期四',372),(2174,'下午','星期五',372),(2175,'下午','星期一',372),(2176,'下午','星期二',374),(2177,'下午','星期三',374),(2178,'下午','星期四',374),(2179,'下午','星期五',374),(2180,'下午','星期一',374),(2181,'下午','星期二',376),(2182,'下午','星期三',376),(2183,'下午','星期四',376),(2184,'下午','星期五',376),(2185,'下午','星期一',376),(2186,'下午','星期二',378),(2187,'下午','星期三',378),(2188,'下午','星期四',378),(2189,'下午','星期五',378),(2190,'下午','星期一',378),(2191,'下午','星期二',380),(2192,'下午','星期三',380),(2193,'下午','星期四',380),(2194,'下午','星期五',380),(2195,'下午','星期一',380),(2196,'下午','星期二',382),(2197,'下午','星期三',382),(2198,'下午','星期四',382),(2199,'下午','星期五',382),(2200,'下午','星期一',382),(2201,'下午','星期二',384),(2202,'下午','星期三',384),(2203,'下午','星期四',384),(2204,'下午','星期五',384),(2205,'下午','星期一',384),(2206,'下午','星期二',386),(2207,'下午','星期三',386),(2208,'下午','星期四',386),(2209,'下午','星期五',386),(2210,'下午','星期一',386),(2211,'下午','星期二',388),(2212,'下午','星期三',388),(2213,'下午','星期四',388),(2214,'下午','星期五',388),(2215,'下午','星期一',388),(2216,'下午','星期二',390),(2217,'下午','星期三',390),(2218,'下午','星期四',390),(2219,'下午','星期五',390),(2220,'下午','星期一',390),(2221,'下午','星期二',392),(2222,'下午','星期三',392),(2223,'下午','星期四',392),(2224,'下午','星期五',392),(2225,'下午','星期一',392),(2226,'下午','星期二',394),(2227,'下午','星期三',394),(2228,'下午','星期四',394),(2229,'下午','星期五',394),(2230,'下午','星期一',394),(2231,'下午','星期二',396),(2232,'下午','星期三',396),(2233,'下午','星期四',396),(2234,'下午','星期五',396),(2235,'下午','星期一',396),(2236,'下午','星期二',398),(2237,'下午','星期三',398),(2238,'下午','星期四',398),(2239,'下午','星期五',398),(2240,'下午','星期一',398),(2241,'下午','星期二',400),(2242,'下午','星期三',400),(2243,'下午','星期四',400),(2244,'下午','星期五',400),(2245,'下午','星期一',400),(2246,'下午','星期二',402),(2247,'下午','星期三',402),(2248,'下午','星期四',402),(2249,'下午','星期五',402),(2250,'下午','星期一',402),(2251,'下午','星期二',404),(2252,'下午','星期三',404),(2253,'下午','星期四',404),(2254,'下午','星期五',404),(2255,'下午','星期一',404),(2256,'下午','星期二',406),(2257,'下午','星期三',406),(2258,'下午','星期四',406),(2259,'下午','星期五',406),(2260,'下午','星期一',406),(2261,'下午','星期二',408),(2262,'下午','星期三',408),(2263,'下午','星期四',408),(2264,'下午','星期五',408),(2265,'下午','星期一',408),(2266,'下午','星期二',410),(2267,'下午','星期三',410),(2268,'下午','星期四',410),(2269,'下午','星期五',410),(2270,'下午','星期一',410),(2271,'下午','星期二',412),(2272,'下午','星期三',412),(2273,'下午','星期四',412),(2274,'下午','星期五',412),(2275,'下午','星期一',412),(2276,'下午','星期二',414),(2277,'下午','星期三',414),(2278,'下午','星期四',414),(2279,'下午','星期五',414),(2280,'下午','星期一',414),(2281,'下午','星期二',416),(2282,'下午','星期三',416),(2283,'下午','星期四',416),(2284,'下午','星期五',416),(2285,'下午','星期一',416),(2286,'下午','星期二',418),(2287,'下午','星期三',418),(2288,'下午','星期四',418),(2289,'下午','星期五',418),(2290,'下午','星期一',418),(2291,'下午','星期二',420),(2292,'下午','星期三',420),(2293,'下午','星期四',420),(2294,'下午','星期五',420),(2295,'下午','星期一',420),(2296,'下午','星期二',422),(2297,'下午','星期三',422),(2298,'下午','星期四',422),(2299,'下午','星期五',422),(2300,'下午','星期一',422),(2301,'下午','星期二',424),(2302,'下午','星期三',424),(2303,'下午','星期四',424),(2304,'下午','星期五',424),(2305,'下午','星期一',424),(2306,'下午','星期二',426),(2307,'下午','星期三',426),(2308,'下午','星期四',426),(2309,'下午','星期五',426),(2310,'下午','星期一',426),(2311,'下午','星期二',428),(2312,'下午','星期三',428),(2313,'下午','星期四',428),(2314,'下午','星期五',428),(2315,'下午','星期一',428),(2316,'下午','星期二',430),(2317,'下午','星期三',430),(2318,'下午','星期四',430),(2319,'下午','星期五',430),(2320,'下午','星期一',430),(2321,'下午','星期二',432),(2322,'下午','星期三',432),(2323,'下午','星期四',432),(2324,'下午','星期五',432),(2325,'下午','星期一',432),(2326,'下午','星期二',434),(2327,'下午','星期三',434),(2328,'下午','星期四',434),(2329,'下午','星期五',434),(2330,'下午','星期一',434),(2331,'下午','星期二',436),(2332,'下午','星期三',436),(2333,'下午','星期四',436),(2334,'下午','星期五',436),(2335,'下午','星期一',436),(2336,'下午','星期二',438),(2337,'下午','星期三',438),(2338,'下午','星期四',438),(2339,'下午','星期五',438),(2340,'下午','星期一',438),(2341,'下午','星期二',440),(2342,'下午','星期三',440),(2343,'下午','星期四',440),(2344,'下午','星期五',440),(2345,'下午','星期一',440),(2346,'下午','星期二',442),(2347,'下午','星期三',442),(2348,'下午','星期四',442),(2349,'下午','星期五',442),(2350,'下午','星期一',442),(2351,'下午','星期二',444),(2352,'下午','星期三',444),(2353,'下午','星期四',444),(2354,'下午','星期五',444),(2355,'下午','星期一',444),(2356,'下午','星期二',446),(2357,'下午','星期三',446),(2358,'下午','星期四',446),(2359,'下午','星期五',446),(2360,'下午','星期一',446),(2361,'下午','星期二',448),(2362,'下午','星期三',448),(2363,'下午','星期四',448),(2364,'下午','星期五',448),(2365,'下午','星期一',448),(2366,'下午','星期二',450),(2367,'下午','星期三',450),(2368,'下午','星期四',450),(2369,'下午','星期五',450),(2370,'下午','星期一',450),(2371,'下午','星期二',452),(2372,'下午','星期三',452),(2373,'下午','星期四',452),(2374,'下午','星期五',452),(2375,'下午','星期一',452),(2376,'下午','星期二',454),(2377,'下午','星期三',454),(2378,'下午','星期四',454),(2379,'下午','星期五',454),(2380,'下午','星期一',454),(2381,'下午','星期二',456),(2382,'下午','星期三',456),(2383,'下午','星期四',456),(2384,'下午','星期五',456),(2385,'下午','星期一',456),(2386,'下午','星期二',458),(2387,'下午','星期三',458),(2388,'下午','星期四',458),(2389,'下午','星期五',458),(2390,'下午','星期一',458),(2391,'下午','星期二',460),(2392,'下午','星期三',460),(2393,'下午','星期四',460),(2394,'下午','星期五',460),(2395,'下午','星期一',460),(2396,'下午','星期二',462),(2397,'下午','星期三',462),(2398,'下午','星期四',462),(2399,'下午','星期五',462),(2400,'下午','星期一',462),(2401,'下午','星期二',464),(2402,'下午','星期三',464),(2403,'下午','星期四',464),(2404,'下午','星期五',464),(2405,'下午','星期一',464),(2406,'下午','星期二',466),(2407,'下午','星期三',466),(2408,'下午','星期四',466),(2409,'下午','星期五',466),(2410,'下午','星期一',466),(2411,'下午','星期二',468),(2412,'下午','星期三',468),(2413,'下午','星期四',468),(2414,'下午','星期五',468),(2415,'下午','星期一',468),(2416,'下午','星期二',470),(2417,'下午','星期三',470),(2418,'下午','星期四',470),(2419,'下午','星期五',470),(2420,'下午','星期一',470),(2421,'下午','星期二',472),(2422,'下午','星期三',472),(2423,'下午','星期四',472),(2424,'下午','星期五',472),(2425,'下午','星期一',472),(2426,'下午','星期二',474),(2427,'下午','星期三',474),(2428,'下午','星期四',474),(2429,'下午','星期五',474),(2430,'下午','星期一',474),(2431,'下午','星期二',476),(2432,'下午','星期三',476),(2433,'下午','星期四',476),(2434,'下午','星期五',476),(2435,'下午','星期一',476),(2436,'下午','星期二',478),(2437,'下午','星期三',478),(2438,'下午','星期四',478),(2439,'下午','星期五',478),(2440,'下午','星期一',478),(2441,'下午','星期二',480),(2442,'下午','星期三',480),(2443,'下午','星期四',480),(2444,'下午','星期五',480),(2445,'下午','星期一',480),(2446,'下午','星期二',482),(2447,'下午','星期三',482),(2448,'下午','星期四',482),(2449,'下午','星期五',482),(2450,'下午','星期一',482),(2451,'下午','星期二',484),(2452,'下午','星期三',484),(2453,'下午','星期四',484),(2454,'下午','星期五',484),(2455,'下午','星期一',484),(2456,'下午','星期二',486),(2457,'下午','星期三',486),(2458,'下午','星期四',486),(2459,'下午','星期五',486),(2460,'下午','星期一',486),(2461,'下午','星期二',488),(2462,'下午','星期三',488),(2463,'下午','星期四',488),(2464,'下午','星期五',488),(2465,'下午','星期一',488),(2466,'下午','星期二',490),(2467,'下午','星期三',490),(2468,'下午','星期四',490),(2469,'下午','星期五',490),(2470,'下午','星期一',490),(2471,'下午','星期二',492),(2472,'下午','星期三',492),(2473,'下午','星期四',492),(2474,'下午','星期五',492),(2475,'下午','星期一',492),(2476,'下午','星期二',494),(2477,'下午','星期三',494),(2478,'下午','星期四',494),(2479,'下午','星期五',494),(2480,'下午','星期一',494),(2481,'下午','星期二',496),(2482,'下午','星期三',496),(2483,'下午','星期四',496),(2484,'下午','星期五',496),(2485,'下午','星期一',496),(2486,'下午','星期二',498),(2487,'下午','星期三',498),(2488,'下午','星期四',498),(2489,'下午','星期五',498),(2490,'下午','星期一',498),(2491,'下午','星期二',500),(2492,'下午','星期三',500),(2493,'下午','星期四',500),(2494,'下午','星期五',500),(2495,'下午','星期一',500),(2496,'下午','星期二',502),(2497,'下午','星期三',502),(2498,'下午','星期四',502),(2499,'下午','星期五',502),(2500,'下午','星期一',502),(2501,'下午','星期二',504),(2502,'下午','星期三',504),(2503,'下午','星期四',504),(2504,'下午','星期五',504),(2505,'下午','星期一',504),(2506,'下午','星期二',506),(2507,'下午','星期三',506),(2508,'下午','星期四',506),(2509,'下午','星期五',506),(2510,'下午','星期一',506),(2511,'下午','星期二',508),(2512,'下午','星期三',508),(2513,'下午','星期四',508),(2514,'下午','星期五',508),(2515,'下午','星期一',508),(2516,'下午','星期二',510),(2517,'下午','星期三',510),(2518,'下午','星期四',510),(2519,'下午','星期五',510),(2520,'下午','星期一',510),(2521,'上午','星期一',1),(2522,'上午','星期一',2),(2523,'上午','星期一',3),(2524,'上午','星期一',4),(2525,'上午','星期一',5),(2526,'上午','星期一',6),(2527,'上午','星期四',1),(2528,'上午','星期四',2),(2529,'上午','星期四',3),(2530,'上午','星期四',4),(2531,'上午','星期四',5),(2532,'上午','星期四',6);

/*Table structure for table `cancelrecord` */

DROP TABLE IF EXISTS `cancelrecord`;

CREATE TABLE `cancelrecord` (
  `cancelRecordId` int(11) NOT NULL AUTO_INCREMENT,
  `username` varchar(20) DEFAULT NULL,
  `registerId` varchar(20) DEFAULT NULL,
  `createDate` varchar(35) DEFAULT NULL,
  PRIMARY KEY (`cancelRecordId`)
) ENGINE=InnoDB AUTO_INCREMENT=10 DEFAULT CHARSET=utf8;

/*Data for the table `cancelrecord` */

insert  into `cancelrecord`(`cancelRecordId`,`username`,`registerId`,`createDate`) values (1,'admin','15','2020-04-07 21:11:09'),(2,'admin','1','2020-04-07 21:29:39'),(3,'admin','1','2020-04-07 21:29:42'),(4,'admin','1','2020-04-07 21:29:44'),(5,'admin','1','2020-04-07 21:29:46'),(6,'admin','1','2020-04-07 21:29:48'),(7,'admin','13','2020-04-13 02:09:53'),(8,'admin','14','2020-04-13 02:09:57'),(9,'aaa','23','2020-05-07 18:37:29');

/*Table structure for table `comment` */

DROP TABLE IF EXISTS `comment`;

CREATE TABLE `comment` (
  `commentId` int(10) NOT NULL AUTO_INCREMENT,
  `commentContent` varchar(300) DEFAULT NULL,
  `commentScore` int(10) DEFAULT NULL,
  `doctorId` int(10) DEFAULT NULL,
  `userId` int(10) DEFAULT NULL,
  PRIMARY KEY (`commentId`)
) ENGINE=InnoDB AUTO_INCREMENT=17 DEFAULT CHARSET=utf8;

/*Data for the table `comment` */

insert  into `comment`(`commentId`,`commentContent`,`commentScore`,`doctorId`,`userId`) values (1,'挺好',99,1,1),(2,'优秀',95,1,1),(3,'good',96,1,3),(4,'挺好',99,2,3),(5,'挺好',99,3,3),(6,'挺好',99,4,3),(7,'挺好',99,5,3),(8,'挺好',99,6,3),(9,'挺好',87,2,3),(10,'很好',100,1,NULL),(11,'很好',100,1,NULL),(12,'很好',100,1,1),(13,'一般般',90,3,3),(14,'还行',5,1,3),(15,'医生医术很高明',100,1,1),(16,'挺好',10,4,8);

/*Table structure for table `department` */

DROP TABLE IF EXISTS `department`;

CREATE TABLE `department` (
  `departmentId` varchar(40) NOT NULL,
  `departmentName` varchar(100) NOT NULL,
  `departmentCategory` varchar(20) NOT NULL,
  `departmentDescription` varchar(500) DEFAULT NULL,
  PRIMARY KEY (`departmentId`)
) ENGINE=InnoDB DEFAULT CHARSET=utf8;

/*Data for the table `department` */

insert  into `department`(`departmentId`,`departmentName`,`departmentCategory`,`departmentDescription`) values ('1001','心血管内科','内科','这里是心血管内科,我们为您提供最专业的服务和最精准的治疗，祝您身体健康'),('1002','神经内科','内科','这里是神经内科,我们为您提供最专业的服务和最精准的治疗，祝您身体健康'),('1003','消化内科','内科','这里是消化内科,我们为您提供最专业的服务和最精准的治疗，祝您身体健康'),('1004','内分泌科','内科','这里是内分泌科,我们为您提供最专业的服务和最精准的治疗，祝您身体健康'),('1005','免疫科','内科','这里是免疫科,我们为您提供最专业的服务和最精准的治疗，祝您身体健康'),('1006','呼吸科','内科','这里是呼吸科,我们为您提供最专业的服务和最精准的治疗，祝您身体健康'),('1007','肾病内科','内科','这里是肾病内科,我们为您提供最专业的服务和最精准的治疗，祝您身体健康'),('1008','普通内科','内科','这里是普通内科,我们为您提供最专业的服务和最精准的治疗，祝您身体健康'),('1009','感染科','内科','这里是感染科,我们为您提供最专业的服务和最精准的治疗，祝您身体健康'),('1010','心血管外科','外科','这里是心血管外科,我们为您提供最专业的服务和最精准的治疗，祝您身体健康'),('1011','神经外科','外科','这里是神经外科,我们为您提供最专业的服务和最精准的治疗，祝您身体健康'),('1012','胸外科','外科','这里是胸外科,我们为您提供最专业的服务和最精准的治疗，祝您身体健康'),('1013','肝胆外科','外科','这里是肝胆外科,我们为您提供最专业的服务和最精准的治疗，祝您身体健康'),('1014','烧伤科','外科','这里是烧伤科,我们为您提供最专业的服务和最精准的治疗，祝您身体健康'),('1015','整形科','外科','这里是整形科,我们为您提供最专业的服务和最精准的治疗，祝您身体健康'),('1016','脑外科','外科','这里是脑外科,我们为您提供最专业的服务和最精准的治疗，祝您身体健康'),('1017','肛肠科','外科','这里是肛肠科,我们为您提供最专业的服务和最精准的治疗，祝您身体健康'),('1018','妇科','妇产科','这里是妇科,我们为您提供最专业的服务和最精准的治疗，祝您身体健康'),('1019','产科','妇产科','这里是产科,我们为您提供最专业的服务和最精准的治疗，祝您身体健康'),('1020','妇科内分泌','妇产科','这里是妇科内分泌,我们为您提供最专业的服务和最精准的治疗，祝您身体健康'),('1021','泌尿外科','外科','这里是泌尿外科,我们为您提供最专业的服务和最精准的治疗，祝您身体健康'),('1022','小儿呼吸科','儿科','这里是小儿呼吸科,我们为您提供最专业的服务和最精准的治疗，祝您身体健康'),('1023','小儿消化科','儿科','这里是小儿消化科,我们为您提供最专业的服务和最精准的治疗，祝您身体健康'),('1024','普通外科','外科','这里是普通外科,我们为您提供最专业的服务和最精准的治疗，祝您身体健康'),('1025','小儿精神科','儿科','这里是小儿精神科,我们为您提供最专业的服务和最精准的治疗，祝您身体健康'),('1026','小儿骨科','儿科','这里是小儿骨科,我们为您提供最专业的服务和最精准的治疗，祝您身体健康'),('1027','五官科','外科','这里是五官科,我们为您提供最专业的服务和最精准的治疗，祝您身体健康'),('1028','内科','儿科','这里是内科,我们为您提供最专业的服务和最精准的治疗，祝您身体健康'),('1029','小儿泌尿科','儿科','这里是小儿泌尿科,我们为您提供最专业的服务和最精准的治疗，祝您身体健康'),('1030','皮肤科','外科','这里是皮肤科,我们为您提供最专业的服务和最精准的治疗，祝您身体健康'),('1031','眼外科','眼科','这里是眼外科,我们为您提供最专业的服务和最精准的治疗，祝您身体健康'),('1032','角膜科','眼科','这里是角膜科,我们为您提供最专业的服务和最精准的治疗，祝您身体健康'),('1033','眼整形','眼科','这里是眼整形,我们为您提供最专业的服务和最精准的治疗，祝您身体健康'),('1034','口腔科','口腔科','这里是口腔科,我们为您提供最专业的服务和最精准的治疗，祝您身体健康'),('1035','口腔修复科','口腔科','这里是口腔修复科,我们为您提供最专业的服务和最精准的治疗，祝您身体健康'),('1036','种植门诊','口腔科','这里是种植门诊,我们为您提供最专业的服务和最精准的治疗，祝您身体健康');

/*Table structure for table `doctor` */

DROP TABLE IF EXISTS `doctor`;

CREATE TABLE `doctor` (
  `doctorId` int(10) unsigned NOT NULL AUTO_INCREMENT,
  `doctorName` varchar(30) NOT NULL,
  `age` int(11) DEFAULT NULL,
  `doctorDescription` longtext,
  `level` varchar(20) NOT NULL,
  `hos_dep_Id` int(40) DEFAULT NULL,
  `baiduApiId` varchar(60) DEFAULT NULL,
  `photo` varchar(220) DEFAULT NULL,
  PRIMARY KEY (`doctorId`),
  KEY `hos_dep_Id` (`hos_dep_Id`),
  CONSTRAINT `doctor_ibfk_1` FOREIGN KEY (`hos_dep_Id`) REFERENCES `hospital_department` (`hos_dep_Id`)
) ENGINE=InnoDB AUTO_INCREMENT=511 DEFAULT CHARSET=utf8;

/*Data for the table `doctor` */

insert  into `doctor`(`doctorId`,`doctorName`,`age`,`doctorDescription`,`level`,`hos_dep_Id`,`baiduApiId`,`photo`) values (1,'陆福民',40,'1982年以毕业考试全校第一名成绩毕业于上海第一医学院(现复旦大学医学院)医学系。后获肾病研究生学位，导师邱传禄及林善锬分别曾任第二及第四任中华肾脏病学会主任委员。研究生毕业后留华山医院肾病科任职，(其中曾在比利时鲁汶大学进修一年)，历经主治医生、副教授、主任医生自今(其中曾任科行政副主任二十多年)。多年讲授医学院本科生课程:慢性肾脏病、肾小球肾炎;研究生课程:急性肾损伤、肾脏病与免疫。有多篇学术文章发表。特长:肾结石,肾衰竭，肾积水，肾移植等。','主任医师',115,'lufumin_1','陆福明.jpg'),(2,'吴开心',40,'1991年起一直在华山医院神经内科临床一线工作。一直从事癫痫、脑血管病、睡眠障碍、疼痛等神经内科疾病的诊治研究以及脑电图的临床应用和实验研究,发表论文50余篇参与编写多部专著','主任医师',110,'wukaixin_2','吴开心.jpg'),(3,'黄毕设',38,'医学博士。兼任中国医师协会男科医师分会常委、中国医师协会前列腺健康与咨询专家委员会副主任委员、中国医师协会上海泌尿外科医师分会副会长、全军泌尿外科专业委员会常委、海军泌尿外科专业组副主委，入选“国家教育部创新团队”。主编专著5部，副主编专著2部，参编6部，发表SCI、国内核心期刊等论文100余篇，获批国家发明专利7项。特长:肾结石,膀胱癌,前列腺炎,前列腺增生,前列腺癌,尿结石,输尿管结石','主任医师',201,'huangbishe_3','黄毕设.jpg'),(4,'梅头脑',45,' 泌尿系统疾病、肿瘤、结石、肾上腺巨大肿瘤、前列腺疾病，男性功能障碍，性病，尿力动力学检测、微创腔内泌尿外科手术、尿失禁。特长:肾结石,膀胱癌,前列腺炎,前列腺增生,前列腺癌,尿结石,输尿管结石','主任医师',201,'meitounao_4','梅头脑.jpg'),(5,'王聪明',48,'1993年从上海医科大学医学系英文班毕业，在复旦大学附属华山医院皮肤科工作二十多年，对常见性和危重疑难性皮肤病的诊治具有较好的水平。2003年-2004年在美国CaseWesternReserveUniversity从事博士后研究工作。现任华山医院皮肤科主任医师、教授、博士研究生导师。特长:皮肤过敏、皮炎、湿疹、疱疹、疥疮、牛皮癣、手足癣、脚气、掌指汗疱疹、粉刺、痤疮、日光过敏性皮炎、白癜风','主任医师',138,'wangcongming_5','王聪明.jpg'),(6,'郑伟大',42,'上海市长海医院妇产科主任，主任医师，教授，博士，博士生导师。中华医学会肿瘤学分会妇科肿瘤学组委员，中国抗癌协会妇科肿瘤分会委员，中国医促会妇产科分会常务，中国老年协会妇科分会常委，全国宫颈癌防治协作组成员，上海医学会妇产科分会委员，上海医学会妇科肿瘤分会委员，浦东新区医学会妇科专委会副主任委员，《实用妇产科杂志》常委编委，《实用癌症杂志》编委。培养硕士研究生25人，博士研究生3名。特长:痛经，宫外孕，流产，子宫颈瘤，产后抑郁，人工授精等。','主任医师',162,'zhengweida_6','郑伟大.jpg'),(7,'黄恩浩',30,'这是院长。','普通医生',109,'me','me.jpg'),(8,'欧阳',32,'这是个好医生','普通医生',109,NULL,'commonPhoto.jpg'),(9,'皇甫',30,'这是个好医生','普通医生',110,NULL,'commonPhoto.jpg'),(10,'孙易',32,'这是个好医生','普通医生',110,NULL,'commonPhoto.jpg'),(11,'窦怀盼',30,'这是个好医生','普通医生',111,NULL,'commonPhoto.jpg'),(12,'周风梦',32,'这是个好医生','普通医生',111,NULL,'commonPhoto.jpg'),(13,'许莲寻',30,'这是个好医生','普通医生',112,NULL,'commonPhoto.jpg'),(14,'冯冷灵',32,'这是个好医生','普通医生',112,NULL,'commonPhoto.jpg'),(15,'戚平',30,'这是个好医生','普通医生',113,NULL,'commonPhoto.jpg'),(16,'彭易涵',32,'这是个好医生','普通医生',113,NULL,'commonPhoto.jpg'),(17,'陶芹',30,'这是个好医生','普通医生',114,NULL,'commonPhoto.jpg'),(18,'葛山菡',32,'这是个好医生','普通医生',114,NULL,'commonPhoto.jpg'),(19,'沈旋香',30,'这是个好医生','普通医生',115,NULL,'commonPhoto.jpg'),(20,'闻人波',32,'这是个好医生','普通医生',115,NULL,'commonPhoto.jpg'),(21,'谢青',30,'这是个好医生','普通医生',116,NULL,'commonPhoto.jpg'),(22,'陶冰',32,'这是个好医生','普通医生',116,NULL,'commonPhoto.jpg'),(23,'严雪',30,'这是个好医生','普通医生',117,NULL,'commonPhoto.jpg'),(24,'何芹菡',32,'这是个好医生','普通医生',117,NULL,'commonPhoto.jpg'),(25,'金凌',30,'这是个好医生','普通医生',118,NULL,'commonPhoto.jpg'),(26,'褚玉从',32,'这是个好医生','普通医生',118,NULL,'commonPhoto.jpg'),(27,'云怀',30,'这是个好医生','普通医生',119,NULL,'commonPhoto.jpg'),(28,'严宛',32,'这是个好医生','普通医生',119,NULL,'commonPhoto.jpg'),(29,'魏蝶易',30,'这是个好医生','普通医生',120,NULL,'commonPhoto.jpg'),(30,'李翠',32,'这是个好医生','普通医生',120,NULL,'commonPhoto.jpg'),(31,'闻人翠',30,'这是个好医生','普通医生',121,NULL,'commonPhoto.jpg'),(32,'沈雪',32,'这是个好医生','普通医生',121,NULL,'commonPhoto.jpg'),(33,'章笑海',30,'这是个好医生','普通医生',122,NULL,'commonPhoto.jpg'),(34,'郎傲柏',32,'这是个好医生','普通医生',122,NULL,'commonPhoto.jpg'),(35,'吕文玉',30,'这是个好医生','普通医生',123,NULL,'commonPhoto.jpg'),(36,'蒋从真',32,'这是个好医生','普通医生',123,NULL,'commonPhoto.jpg'),(37,'万俟',30,'这是个好医生','普通医生',124,NULL,'commonPhoto.jpg'),(38,'万俟',32,'这是个好医生','普通医生',124,NULL,'commonPhoto.jpg'),(39,'钱灵青',30,'这是个好医生','普通医生',125,NULL,'commonPhoto.jpg'),(40,'谢卉',32,'这是个好医生','普通医生',125,NULL,'commonPhoto.jpg'),(41,'华傲琴',30,'这是个好医生','普通医生',126,NULL,'commonPhoto.jpg'),(42,'苏雅',32,'这是个好医生','普通医生',126,NULL,'commonPhoto.jpg'),(43,'王柏访',30,'这是个好医生','普通医生',127,NULL,'commonPhoto.jpg'),(44,'章翠碧',32,'这是个好医生','普通医生',127,NULL,'commonPhoto.jpg'),(45,'冯代',30,'这是个好医生','普通医生',128,NULL,'commonPhoto.jpg'),(46,'夏侯',32,'这是个好医生','普通医生',128,NULL,'commonPhoto.jpg'),(47,'褚兰',30,'这是个好医生','普通医生',129,NULL,'commonPhoto.jpg'),(48,'韩灵',32,'这是个好医生','普通医生',129,NULL,'commonPhoto.jpg'),(49,'章兰',30,'这是个好医生','普通医生',130,NULL,'commonPhoto.jpg'),(50,'韩访',32,'这是个好医生','普通医生',130,NULL,'commonPhoto.jpg'),(51,'卫雁夏',30,'这是个好医生','普通医生',131,NULL,'commonPhoto.jpg'),(52,'赵代紫',32,'这是个好医生','普通医生',131,NULL,'commonPhoto.jpg'),(53,'褚半柏',30,'这是个好医生','普通医生',132,NULL,'commonPhoto.jpg'),(54,'邹旋菡',32,'这是个好医生','普通医生',132,NULL,'commonPhoto.jpg'),(55,'李芹',30,'这是个好医生','普通医生',133,NULL,'commonPhoto.jpg'),(56,'苏亦亦',32,'这是个好医生','普通医生',133,NULL,'commonPhoto.jpg'),(57,'严雁',30,'这是个好医生','普通医生',134,NULL,'commonPhoto.jpg'),(58,'潘恨代',32,'这是个好医生','普通医生',134,NULL,'commonPhoto.jpg'),(59,'卫卉雁',30,'这是个好医生','普通医生',135,NULL,'commonPhoto.jpg'),(60,'彭忆',32,'这是个好医生','普通医生',135,NULL,'commonPhoto.jpg'),(61,'尤旋梦',30,'这是个好医生','普通医生',136,NULL,'commonPhoto.jpg'),(62,'窦山',32,'这是个好医生','普通医生',136,NULL,'commonPhoto.jpg'),(63,'戚紫',30,'这是个好医生','普通医生',137,NULL,'commonPhoto.jpg'),(64,'潘莲易',32,'这是个好医生','普通医生',137,NULL,'commonPhoto.jpg'),(65,'孙灵冰',30,'这是个好医生','普通医生',138,NULL,'commonPhoto.jpg'),(66,'上官夏',32,'这是个好医生','普通医生',138,NULL,'commonPhoto.jpg'),(67,'公羊',30,'这是个好医生','普通医生',139,NULL,'commonPhoto.jpg'),(68,'何静',32,'这是个好医生','普通医生',139,NULL,'commonPhoto.jpg'),(69,'赵天',30,'这是个好医生','普通医生',140,NULL,'commonPhoto.jpg'),(70,'彭忆',32,'这是个好医生','普通医生',140,NULL,'commonPhoto.jpg'),(71,'窦春梦',30,'这是个好医生','普通医生',141,NULL,'commonPhoto.jpg'),(72,'郎雁',32,'这是个好医生','普通医生',141,NULL,'commonPhoto.jpg'),(73,'吕书新',30,'这是个好医生','普通医生',142,NULL,'commonPhoto.jpg'),(74,'周槐书',32,'这是个好医生','普通医生',142,NULL,'commonPhoto.jpg'),(75,'冯儿蝶',30,'这是个好医生','普通医生',143,NULL,'commonPhoto.jpg'),(76,'喻波',32,'这是个好医生','普通医生',143,NULL,'commonPhoto.jpg'),(77,'水醉涵',30,'这是个好医生','普通医生',144,NULL,'commonPhoto.jpg'),(78,'韩安',32,'这是个好医生','普通医生',144,NULL,'commonPhoto.jpg'),(79,'东方山',30,'这是个好医生','普通医生',145,NULL,'commonPhoto.jpg'),(80,'上官',32,'这是个好医生','普通医生',145,NULL,'commonPhoto.jpg'),(81,'司马柔',30,'这是个好医生','普通医生',146,NULL,'commonPhoto.jpg'),(82,'严静',32,'这是个好医生','普通医生',146,NULL,'commonPhoto.jpg'),(83,'孔山巧',30,'这是个好医生','普通医生',147,NULL,'commonPhoto.jpg'),(84,'沈冬从',32,'这是个好医生','普通医生',147,NULL,'commonPhoto.jpg'),(85,'金新安',30,'这是个好医生','普通医生',148,NULL,'commonPhoto.jpg'),(86,'诸葛',32,'这是个好医生','普通医生',148,NULL,'commonPhoto.jpg'),(87,'谢寻乐',30,'这是个好医生','普通医生',149,NULL,'commonPhoto.jpg'),(88,'褚南梦',32,'这是个好医生','普通医生',149,NULL,'commonPhoto.jpg'),(89,'彭从',30,'这是个好医生','普通医生',150,NULL,'commonPhoto.jpg'),(90,'闻人书',32,'这是个好医生','普通医生',150,NULL,'commonPhoto.jpg'),(91,'郎易乐',30,'这是个好医生','普通医生',151,NULL,'commonPhoto.jpg'),(92,'尤访',32,'这是个好医生','普通医生',151,NULL,'commonPhoto.jpg'),(93,'孙柏',30,'这是个好医生','普通医生',152,NULL,'commonPhoto.jpg'),(94,'奚梦念',32,'这是个好医生','普通医生',152,NULL,'commonPhoto.jpg'),(95,'戚天',30,'这是个好医生','普通医生',153,NULL,'commonPhoto.jpg'),(96,'金平',32,'这是个好医生','普通医生',153,NULL,'commonPhoto.jpg'),(97,'公羊',30,'这是个好医生','普通医生',154,NULL,'commonPhoto.jpg'),(98,'魏寒',32,'这是个好医生','普通医生',154,NULL,'commonPhoto.jpg'),(99,'彭卉',30,'这是个好医生','普通医生',155,NULL,'commonPhoto.jpg'),(100,'朱青蓝',32,'这是个好医生','普通医生',155,NULL,'commonPhoto.jpg'),(101,'郑山雪',30,'这是个好医生','普通医生',156,NULL,'commonPhoto.jpg'),(102,'葛问',32,'这是个好医生','普通医生',156,NULL,'commonPhoto.jpg'),(103,'喻觅',30,'这是个好医生','普通医生',157,NULL,'commonPhoto.jpg'),(104,'上官',32,'这是个好医生','普通医生',157,NULL,'commonPhoto.jpg'),(105,'公羊旋',30,'这是个好医生','普通医生',158,NULL,'commonPhoto.jpg'),(106,'上官',32,'这是个好医生','普通医生',158,NULL,'commonPhoto.jpg'),(107,'欧阳',30,'这是个好医生','普通医生',159,NULL,'commonPhoto.jpg'),(108,'沈听曼',32,'这是个好医生','普通医生',159,NULL,'commonPhoto.jpg'),(109,'云菡',30,'这是个好医生','普通医生',160,NULL,'commonPhoto.jpg'),(110,'郑紫',32,'这是个好医生','普通医生',160,NULL,'commonPhoto.jpg'),(111,'许香',30,'这是个好医生','普通医生',161,NULL,'commonPhoto.jpg'),(112,'华易蝶',32,'这是个好医生','普通医生',161,NULL,'commonPhoto.jpg'),(113,'郑筠',30,'这是个好医生','普通医生',162,NULL,'commonPhoto.jpg'),(114,'杨乐曼',32,'这是个好医生','普通医生',162,NULL,'commonPhoto.jpg'),(115,'郑枫',30,'这是个好医生','普通医生',163,NULL,'commonPhoto.jpg'),(116,'钱凡凡',32,'这是个好医生','普通医生',163,NULL,'commonPhoto.jpg'),(117,'陈翠琴',30,'这是个好医生','普通医生',164,NULL,'commonPhoto.jpg'),(118,'王香',32,'这是个好医生','普通医生',164,NULL,'commonPhoto.jpg'),(119,'曹怜风',30,'这是个好医生','普通医生',165,NULL,'commonPhoto.jpg'),(120,'闻人',32,'这是个好医生','普通医生',165,NULL,'commonPhoto.jpg'),(121,'赫连山',30,'这是个好医生','普通医生',166,NULL,'commonPhoto.jpg'),(122,'公羊萱',32,'这是个好医生','普通医生',166,NULL,'commonPhoto.jpg'),(123,'尉迟',30,'这是个好医生','普通医生',167,NULL,'commonPhoto.jpg'),(124,'窦醉',32,'这是个好医生','普通医生',167,NULL,'commonPhoto.jpg'),(125,'彭槐',30,'这是个好医生','普通医生',168,NULL,'commonPhoto.jpg'),(126,'何曼',32,'这是个好医生','普通医生',168,NULL,'commonPhoto.jpg'),(127,'奚青寒',30,'这是个好医生','普通医生',169,NULL,'commonPhoto.jpg'),(128,'范紫怀',32,'这是个好医生','普通医生',169,NULL,'commonPhoto.jpg'),(129,'邹寒',30,'这是个好医生','普通医生',170,NULL,'commonPhoto.jpg'),(130,'沈真',32,'这是个好医生','普通医生',170,NULL,'commonPhoto.jpg'),(131,'张薇',30,'这是个好医生','普通医生',171,NULL,'commonPhoto.jpg'),(132,'郑青',32,'这是个好医生','普通医生',171,NULL,'commonPhoto.jpg'),(133,'窦冬青',30,'这是个好医生','普通医生',172,NULL,'commonPhoto.jpg'),(134,'孔梦梦',32,'这是个好医生','普通医生',172,NULL,'commonPhoto.jpg'),(135,'水香梦',30,'这是个好医生','普通医生',173,NULL,'commonPhoto.jpg'),(136,'水莲亦',32,'这是个好医生','普通医生',173,NULL,'commonPhoto.jpg'),(137,'李恨静',30,'这是个好医生','普通医生',174,NULL,'commonPhoto.jpg'),(138,'周冰访',32,'这是个好医生','普通医生',174,NULL,'commonPhoto.jpg'),(139,'东方',30,'这是个好医生','普通医生',175,NULL,'commonPhoto.jpg'),(140,'张香',32,'这是个好医生','普通医生',175,NULL,'commonPhoto.jpg'),(141,'邹春书',30,'这是个好医生','普通医生',176,NULL,'commonPhoto.jpg'),(142,'欧阳',32,'这是个好医生','普通医生',176,NULL,'commonPhoto.jpg'),(143,'孙访曼',30,'这是个好医生','普通医生',177,NULL,'commonPhoto.jpg'),(144,'严念',32,'这是个好医生','普通医生',177,NULL,'commonPhoto.jpg'),(145,'严柏香',30,'这是个好医生','普通医生',178,NULL,'commonPhoto.jpg'),(146,'万俟凡',32,'这是个好医生','普通医生',178,NULL,'commonPhoto.jpg'),(147,'邹梦',30,'这是个好医生','普通医生',179,NULL,'commonPhoto.jpg'),(148,'郑寻从',32,'这是个好医生','普通医生',179,NULL,'commonPhoto.jpg'),(149,'孙玉怜',30,'这是个好医生','普通医生',180,NULL,'commonPhoto.jpg'),(150,'赫连',32,'这是个好医生','普通医生',180,NULL,'commonPhoto.jpg'),(151,'云梦',30,'这是个好医生','普通医生',181,NULL,'commonPhoto.jpg'),(152,'尤翠',32,'这是个好医生','普通医生',181,NULL,'commonPhoto.jpg'),(153,'李寻翠',30,'这是个好医生','普通医生',182,NULL,'commonPhoto.jpg'),(154,'水梦翠',32,'这是个好医生','普通医生',182,NULL,'commonPhoto.jpg'),(155,'司马',30,'这是个好医生','普通医生',183,NULL,'commonPhoto.jpg'),(156,'夏侯谷',32,'这是个好医生','普通医生',183,NULL,'commonPhoto.jpg'),(157,'陈枫代',30,'这是个好医生','普通医生',184,NULL,'commonPhoto.jpg'),(158,'夏侯盼',32,'这是个好医生','普通医生',184,NULL,'commonPhoto.jpg'),(159,'郑寻亦',30,'这是个好医生','普通医生',185,NULL,'commonPhoto.jpg'),(160,'柏文',32,'这是个好医生','普通医生',185,NULL,'commonPhoto.jpg'),(161,'蒋寒',30,'这是个好医生','普通医生',186,NULL,'commonPhoto.jpg'),(162,'韩如',32,'这是个好医生','普通医生',186,NULL,'commonPhoto.jpg'),(163,'欧阳半',30,'这是个好医生','普通医生',187,NULL,'commonPhoto.jpg'),(164,'郑筠莲',32,'这是个好医生','普通医生',187,NULL,'commonPhoto.jpg'),(165,'严枫',30,'这是个好医生','普通医生',188,NULL,'commonPhoto.jpg'),(166,'冯梦',32,'这是个好医生','普通医生',188,NULL,'commonPhoto.jpg'),(167,'王玉',30,'这是个好医生','普通医生',189,NULL,'commonPhoto.jpg'),(168,'王梦',32,'这是个好医生','普通医生',189,NULL,'commonPhoto.jpg'),(169,'李新',30,'这是个好医生','普通医生',190,NULL,'commonPhoto.jpg'),(170,'钱靖',32,'这是个好医生','普通医生',190,NULL,'commonPhoto.jpg'),(171,'朱绿',30,'这是个好医生','普通医生',191,NULL,'commonPhoto.jpg'),(172,'华从',32,'这是个好医生','普通医生',191,NULL,'commonPhoto.jpg'),(173,'金儿靖',30,'这是个好医生','普通医生',192,NULL,'commonPhoto.jpg'),(174,'王千怜',32,'这是个好医生','普通医生',192,NULL,'commonPhoto.jpg'),(175,'褚寒',30,'这是个好医生','普通医生',193,NULL,'commonPhoto.jpg'),(176,'公羊白',32,'这是个好医生','普通医生',193,NULL,'commonPhoto.jpg'),(177,'诸葛',30,'这是个好医生','普通医生',194,NULL,'commonPhoto.jpg'),(178,'金访若',32,'这是个好医生','普通医生',194,NULL,'commonPhoto.jpg'),(179,'华靖',30,'这是个好医生','普通医生',195,NULL,'commonPhoto.jpg'),(180,'陶凡柏',32,'这是个好医生','普通医生',195,NULL,'commonPhoto.jpg'),(181,'云从',30,'这是个好医生','普通医生',196,NULL,'commonPhoto.jpg'),(182,'何梦薇',32,'这是个好医生','普通医生',196,NULL,'commonPhoto.jpg'),(183,'闻人',30,'这是个好医生','普通医生',197,NULL,'commonPhoto.jpg'),(184,'夏侯',32,'这是个好医生','普通医生',197,NULL,'commonPhoto.jpg'),(185,'司马',30,'这是个好医生','普通医生',198,NULL,'commonPhoto.jpg'),(186,'尤芹冷',32,'这是个好医生','普通医生',198,NULL,'commonPhoto.jpg'),(187,'许新静',30,'这是个好医生','普通医生',199,NULL,'commonPhoto.jpg'),(188,'卫巧夏',32,'这是个好医生','普通医生',199,NULL,'commonPhoto.jpg'),(189,'云儿',30,'这是个好医生','普通医生',200,NULL,'commonPhoto.jpg'),(190,'苏易冰',32,'这是个好医生','普通医生',200,NULL,'commonPhoto.jpg'),(191,'蒋若',30,'这是个好医生','普通医生',201,NULL,'commonPhoto.jpg'),(192,'欧阳香',32,'这是个好医生','普通医生',201,NULL,'commonPhoto.jpg'),(193,'诸葛雪',30,'这是个好医生','普通医生',202,NULL,'commonPhoto.jpg'),(194,'孔凌',32,'这是个好医生','普通医生',202,NULL,'commonPhoto.jpg'),(195,'尉迟',30,'这是个好医生','普通医生',203,NULL,'commonPhoto.jpg'),(196,'曹兰',32,'这是个好医生','普通医生',203,NULL,'commonPhoto.jpg'),(197,'葛波山',30,'这是个好医生','普通医生',204,NULL,'commonPhoto.jpg'),(198,'戚莲',32,'这是个好医生','普通医生',204,NULL,'commonPhoto.jpg'),(199,'严天冰',30,'这是个好医生','普通医生',205,NULL,'commonPhoto.jpg'),(200,'褚寒',32,'这是个好医生','普通医生',205,NULL,'commonPhoto.jpg'),(201,'孔风',30,'这是个好医生','普通医生',206,NULL,'commonPhoto.jpg'),(202,'王蝶',32,'这是个好医生','普通医生',206,NULL,'commonPhoto.jpg'),(203,'孙文惜',30,'这是个好医生','普通医生',207,NULL,'commonPhoto.jpg'),(204,'诸葛',32,'这是个好医生','普通医生',207,NULL,'commonPhoto.jpg'),(205,'窦香听',30,'这是个好医生','普通医生',208,NULL,'commonPhoto.jpg'),(206,'柏卉',32,'这是个好医生','普通医生',208,NULL,'commonPhoto.jpg'),(207,'尤冰',30,'这是个好医生','普通医生',209,NULL,'commonPhoto.jpg'),(208,'卫亦旋',32,'这是个好医生','普通医生',209,NULL,'commonPhoto.jpg'),(209,'彭怀',30,'这是个好医生','普通医生',210,NULL,'commonPhoto.jpg'),(210,'孙梦',32,'这是个好医生','普通医生',210,NULL,'commonPhoto.jpg'),(211,'郎梦波',30,'这是个好医生','普通医生',211,NULL,'commonPhoto.jpg'),(212,'姜凡曼',32,'这是个好医生','普通医生',211,NULL,'commonPhoto.jpg'),(213,'闻人',30,'这是个好医生','普通医生',212,NULL,'commonPhoto.jpg'),(214,'邹听海',32,'这是个好医生','普通医生',212,NULL,'commonPhoto.jpg'),(215,'欧阳问',30,'这是个好医生','普通医生',213,NULL,'commonPhoto.jpg'),(216,'魏安问',32,'这是个好医生','普通医生',213,NULL,'commonPhoto.jpg'),(217,'谢槐',30,'这是个好医生','普通医生',214,NULL,'commonPhoto.jpg'),(218,'戚天',32,'这是个好医生','普通医生',214,NULL,'commonPhoto.jpg'),(219,'吕青雪',30,'这是个好医生','普通医生',215,NULL,'commonPhoto.jpg'),(220,'何天灵',32,'这是个好医生','普通医生',215,NULL,'commonPhoto.jpg'),(221,'郑访',30,'这是个好医生','普通医生',216,NULL,'commonPhoto.jpg'),(222,'戚青',32,'这是个好医生','普通医生',216,NULL,'commonPhoto.jpg'),(223,'万俟',30,'这是个好医生','普通医生',217,NULL,'commonPhoto.jpg'),(224,'尉迟',32,'这是个好医生','普通医生',217,NULL,'commonPhoto.jpg'),(225,'姜蕾',30,'这是个好医生','普通医生',218,NULL,'commonPhoto.jpg'),(226,'葛盼',32,'这是个好医生','普通医生',218,NULL,'commonPhoto.jpg'),(227,'诸葛',30,'这是个好医生','普通医生',219,NULL,'commonPhoto.jpg'),(228,'章旋新',32,'这是个好医生','普通医生',219,NULL,'commonPhoto.jpg'),(229,'张波',30,'这是个好医生','普通医生',220,NULL,'commonPhoto.jpg'),(230,'东方',32,'这是个好医生','普通医生',220,NULL,'commonPhoto.jpg'),(231,'云乐如',30,'这是个好医生','普通医生',221,NULL,'commonPhoto.jpg'),(232,'张香筠',32,'这是个好医生','普通医生',221,NULL,'commonPhoto.jpg'),(233,'冯乐',30,'这是个好医生','普通医生',222,NULL,'commonPhoto.jpg'),(234,'夏侯',32,'这是个好医生','普通医生',222,NULL,'commonPhoto.jpg'),(235,'褚雁',30,'这是个好医生','普通医生',223,NULL,'commonPhoto.jpg'),(236,'施蕾傲',32,'这是个好医生','普通医生',223,NULL,'commonPhoto.jpg'),(237,'彭巧乐',30,'这是个好医生','普通医生',224,NULL,'commonPhoto.jpg'),(238,'魏芹',32,'这是个好医生','普通医生',224,NULL,'commonPhoto.jpg'),(239,'严念',30,'这是个好医生','普通医生',225,NULL,'commonPhoto.jpg'),(240,'尉迟怀',32,'这是个好医生','普通医生',225,NULL,'commonPhoto.jpg'),(241,'欧阳',30,'这是个好医生','普通医生',226,NULL,'commonPhoto.jpg'),(242,'何凌',32,'这是个好医生','普通医生',226,NULL,'commonPhoto.jpg'),(243,'吴蓝菡',30,'这是个好医生','普通医生',227,NULL,'commonPhoto.jpg'),(244,'吕槐',32,'这是个好医生','普通医生',227,NULL,'commonPhoto.jpg'),(245,'东方',30,'这是个好医生','普通医生',228,NULL,'commonPhoto.jpg'),(246,'赫连',32,'这是个好医生','普通医生',228,NULL,'commonPhoto.jpg'),(247,'秦萱代',30,'这是个好医生','普通医生',229,NULL,'commonPhoto.jpg'),(248,'潘卉易',32,'这是个好医生','普通医生',229,NULL,'commonPhoto.jpg'),(249,'潘菡蕾',30,'这是个好医生','普通医生',230,NULL,'commonPhoto.jpg'),(250,'金青',32,'这是个好医生','普通医生',230,NULL,'commonPhoto.jpg'),(251,'吕紫',30,'这是个好医生','普通医生',231,NULL,'commonPhoto.jpg'),(252,'苏巧曼',32,'这是个好医生','普通医生',231,NULL,'commonPhoto.jpg'),(253,'魏烟冬',30,'这是个好医生','普通医生',232,NULL,'commonPhoto.jpg'),(254,'王翠曼',32,'这是个好医生','普通医生',232,NULL,'commonPhoto.jpg'),(255,'李安槐',30,'这是个好医生','普通医生',233,NULL,'commonPhoto.jpg'),(256,'冯薇傲',32,'这是个好医生','普通医生',233,NULL,'commonPhoto.jpg'),(257,'严筠',30,'这是个好医生','普通医生',234,NULL,'commonPhoto.jpg'),(258,'冯宛听',32,'这是个好医生','普通医生',234,NULL,'commonPhoto.jpg'),(259,'秦代',30,'这是个好医生','普通医生',235,NULL,'commonPhoto.jpg'),(260,'范夏夏',32,'这是个好医生','普通医生',235,NULL,'commonPhoto.jpg'),(261,'赵靖',30,'这是个好医生','普通医生',236,NULL,'commonPhoto.jpg'),(262,'沈之',32,'这是个好医生','普通医生',236,NULL,'commonPhoto.jpg'),(263,'李卉',30,'这是个好医生','普通医生',237,NULL,'commonPhoto.jpg'),(264,'孔山惜',32,'这是个好医生','普通医生',237,NULL,'commonPhoto.jpg'),(265,'李玉山',30,'这是个好医生','普通医生',238,NULL,'commonPhoto.jpg'),(266,'水凡',32,'这是个好医生','普通医生',238,NULL,'commonPhoto.jpg'),(267,'严曼',30,'这是个好医生','普通医生',239,NULL,'commonPhoto.jpg'),(268,'水紫问',32,'这是个好医生','普通医生',239,NULL,'commonPhoto.jpg'),(269,'柏友',30,'这是个好医生','普通医生',240,NULL,'commonPhoto.jpg'),(270,'尤天儿',32,'这是个好医生','普通医生',240,NULL,'commonPhoto.jpg'),(271,'上官亦',30,'这是个好医生','普通医生',241,NULL,'commonPhoto.jpg'),(272,'窦霜',32,'这是个好医生','普通医生',241,NULL,'commonPhoto.jpg'),(273,'苏卉',30,'这是个好医生','普通医生',242,NULL,'commonPhoto.jpg'),(274,'孔怜芙',32,'这是个好医生','普通医生',242,NULL,'commonPhoto.jpg'),(275,'蒋南',30,'这是个好医生','普通医生',243,NULL,'commonPhoto.jpg'),(276,'云梦',32,'这是个好医生','普通医生',243,NULL,'commonPhoto.jpg'),(277,'云冬霜',30,'这是个好医生','普通医生',244,NULL,'commonPhoto.jpg'),(278,'卫香雁',32,'这是个好医生','普通医生',244,NULL,'commonPhoto.jpg'),(279,'窦寒',30,'这是个好医生','普通医生',245,NULL,'commonPhoto.jpg'),(280,'杨南新',32,'这是个好医生','普通医生',245,NULL,'commonPhoto.jpg'),(281,'陈雁雁',30,'这是个好医生','普通医生',246,NULL,'commonPhoto.jpg'),(282,'姜乐紫',32,'这是个好医生','普通医生',246,NULL,'commonPhoto.jpg'),(283,'上官半',30,'这是个好医生','普通医生',247,NULL,'commonPhoto.jpg'),(284,'赵静',32,'这是个好医生','普通医生',247,NULL,'commonPhoto.jpg'),(285,'范翠柏',30,'这是个好医生','普通医生',248,NULL,'commonPhoto.jpg'),(286,'奚冰紫',32,'这是个好医生','普通医生',248,NULL,'commonPhoto.jpg'),(287,'彭靖冰',30,'这是个好医生','普通医生',249,NULL,'commonPhoto.jpg'),(288,'朱冬',32,'这是个好医生','普通医生',249,NULL,'commonPhoto.jpg'),(289,'万俟雪',30,'这是个好医生','普通医生',250,NULL,'commonPhoto.jpg'),(290,'施代碧',32,'这是个好医生','普通医生',250,NULL,'commonPhoto.jpg'),(291,'皇甫',30,'这是个好医生','普通医生',251,NULL,'commonPhoto.jpg'),(292,'孙亦',32,'这是个好医生','普通医生',251,NULL,'commonPhoto.jpg'),(293,'韩访柔',30,'这是个好医生','普通医生',252,NULL,'commonPhoto.jpg'),(294,'潘蓝',32,'这是个好医生','普通医生',252,NULL,'commonPhoto.jpg'),(295,'云青宛',30,'这是个好医生','普通医生',253,NULL,'commonPhoto.jpg'),(296,'葛波',32,'这是个好医生','普通医生',253,NULL,'commonPhoto.jpg'),(297,'何山曼',30,'这是个好医生','普通医生',254,NULL,'commonPhoto.jpg'),(298,'姜蓝',32,'这是个好医生','普通医生',254,NULL,'commonPhoto.jpg'),(299,'冯翠',30,'这是个好医生','普通医生',255,NULL,'commonPhoto.jpg'),(300,'公羊梦',32,'这是个好医生','普通医生',255,NULL,'commonPhoto.jpg'),(301,'尉迟',30,'这是个好医生','普通医生',256,NULL,'commonPhoto.jpg'),(302,'范寒',32,'这是个好医生','普通医生',256,NULL,'commonPhoto.jpg'),(303,'云易玉',30,'这是个好医生','普通医生',257,NULL,'commonPhoto.jpg'),(304,'欧阳念',32,'这是个好医生','普通医生',257,NULL,'commonPhoto.jpg'),(305,'潘谷青',30,'这是个好医生','普通医生',258,NULL,'commonPhoto.jpg'),(306,'严访从',32,'这是个好医生','普通医生',258,NULL,'commonPhoto.jpg'),(307,'闻人旋',30,'这是个好医生','普通医生',259,NULL,'commonPhoto.jpg'),(308,'皇甫',32,'这是个好医生','普通医生',259,NULL,'commonPhoto.jpg'),(309,'冯碧雪',30,'这是个好医生','普通医生',260,NULL,'commonPhoto.jpg'),(310,'张巧',32,'这是个好医生','普通医生',260,NULL,'commonPhoto.jpg'),(311,'闻人',30,'这是个好医生','普通医生',261,NULL,'commonPhoto.jpg'),(312,'吴山冰',32,'这是个好医生','普通医生',261,NULL,'commonPhoto.jpg'),(313,'奚梦',30,'这是个好医生','普通医生',262,NULL,'commonPhoto.jpg'),(314,'朱翠靖',32,'这是个好医生','普通医生',262,NULL,'commonPhoto.jpg'),(315,'吴恨卉',30,'这是个好医生','普通医生',263,NULL,'commonPhoto.jpg'),(316,'吴谷问',32,'这是个好医生','普通医生',263,NULL,'commonPhoto.jpg'),(317,'万俟',30,'这是个好医生','普通医生',264,NULL,'commonPhoto.jpg'),(318,'韩寻',32,'这是个好医生','普通医生',264,NULL,'commonPhoto.jpg'),(319,'郎涵',30,'这是个好医生','普通医生',265,NULL,'commonPhoto.jpg'),(320,'李碧',32,'这是个好医生','普通医生',265,NULL,'commonPhoto.jpg'),(321,'华槐',30,'这是个好医生','普通医生',266,NULL,'commonPhoto.jpg'),(322,'尤萱雁',32,'这是个好医生','普通医生',266,NULL,'commonPhoto.jpg'),(323,'谢南',30,'这是个好医生','普通医生',267,NULL,'commonPhoto.jpg'),(324,'孙筠',32,'这是个好医生','普通医生',267,NULL,'commonPhoto.jpg'),(325,'尉迟',30,'这是个好医生','普通医生',268,NULL,'commonPhoto.jpg'),(326,'王白',32,'这是个好医生','普通医生',268,NULL,'commonPhoto.jpg'),(327,'上官菡',30,'这是个好医生','普通医生',269,NULL,'commonPhoto.jpg'),(328,'孙曼',32,'这是个好医生','普通医生',269,NULL,'commonPhoto.jpg'),(329,'魏旋',30,'这是个好医生','普通医生',270,NULL,'commonPhoto.jpg'),(330,'苏靖',32,'这是个好医生','普通医生',270,NULL,'commonPhoto.jpg'),(331,'夏侯雁',30,'这是个好医生','普通医生',271,NULL,'commonPhoto.jpg'),(332,'喻波',32,'这是个好医生','普通医生',271,NULL,'commonPhoto.jpg'),(333,'华亦',30,'这是个好医生','普通医生',272,NULL,'commonPhoto.jpg'),(334,'东方',32,'这是个好医生','普通医生',272,NULL,'commonPhoto.jpg'),(335,'赫连巧',30,'这是个好医生','普通医生',273,NULL,'commonPhoto.jpg'),(336,'司马旋',32,'这是个好医生','普通医生',273,NULL,'commonPhoto.jpg'),(337,'夏侯琴',30,'这是个好医生','普通医生',274,NULL,'commonPhoto.jpg'),(338,'潘翠灵',32,'这是个好医生','普通医生',274,NULL,'commonPhoto.jpg'),(339,'何春文',30,'这是个好医生','普通医生',275,NULL,'commonPhoto.jpg'),(340,'许盼',32,'这是个好医生','普通医生',275,NULL,'commonPhoto.jpg'),(341,'韩易',30,'这是个好医生','普通医生',276,NULL,'commonPhoto.jpg'),(342,'沈海巧',32,'这是个好医生','普通医生',276,NULL,'commonPhoto.jpg'),(343,'杨霜',30,'这是个好医生','普通医生',277,NULL,'commonPhoto.jpg'),(344,'何雪萱',32,'这是个好医生','普通医生',277,NULL,'commonPhoto.jpg'),(345,'彭寒',30,'这是个好医生','普通医生',278,NULL,'commonPhoto.jpg'),(346,'东方听',32,'这是个好医生','普通医生',278,NULL,'commonPhoto.jpg'),(347,'柏夏',30,'这是个好医生','普通医生',279,NULL,'commonPhoto.jpg'),(348,'潘忆',32,'这是个好医生','普通医生',279,NULL,'commonPhoto.jpg'),(349,'公羊',30,'这是个好医生','普通医生',280,NULL,'commonPhoto.jpg'),(350,'朱香',32,'这是个好医生','普通医生',280,NULL,'commonPhoto.jpg'),(351,'曹雁凡',30,'这是个好医生','普通医生',281,NULL,'commonPhoto.jpg'),(352,'上官',32,'这是个好医生','普通医生',281,NULL,'commonPhoto.jpg'),(353,'谢冷',30,'这是个好医生','普通医生',282,NULL,'commonPhoto.jpg'),(354,'诸葛',32,'这是个好医生','普通医生',282,NULL,'commonPhoto.jpg'),(355,'夏侯薇',30,'这是个好医生','普通医生',283,NULL,'commonPhoto.jpg'),(356,'杨冰',32,'这是个好医生','普通医生',283,NULL,'commonPhoto.jpg'),(357,'吴傲海',30,'这是个好医生','普通医生',284,NULL,'commonPhoto.jpg'),(358,'冯梦书',32,'这是个好医生','普通医生',284,NULL,'commonPhoto.jpg'),(359,'许冬',30,'这是个好医生','普通医生',285,NULL,'commonPhoto.jpg'),(360,'诸葛碧',32,'这是个好医生','普通医生',285,NULL,'commonPhoto.jpg'),(361,'魏乐',30,'这是个好医生','普通医生',286,NULL,'commonPhoto.jpg'),(362,'褚傲凡',32,'这是个好医生','普通医生',286,NULL,'commonPhoto.jpg'),(363,'窦春',30,'这是个好医生','普通医生',287,NULL,'commonPhoto.jpg'),(364,'魏紫',32,'这是个好医生','普通医生',287,NULL,'commonPhoto.jpg'),(365,'上官灵',30,'这是个好医生','普通医生',288,NULL,'commonPhoto.jpg'),(366,'皇甫巧',32,'这是个好医生','普通医生',288,NULL,'commonPhoto.jpg'),(367,'范灵',30,'这是个好医生','普通医生',289,NULL,'commonPhoto.jpg'),(368,'葛雪凌',32,'这是个好医生','普通医生',289,NULL,'commonPhoto.jpg'),(369,'华山',30,'这是个好医生','普通医生',290,NULL,'commonPhoto.jpg'),(370,'陈靖',32,'这是个好医生','普通医生',290,NULL,'commonPhoto.jpg'),(371,'潘恨',30,'这是个好医生','普通医生',291,NULL,'commonPhoto.jpg'),(372,'杨恨',32,'这是个好医生','普通医生',291,NULL,'commonPhoto.jpg'),(373,'诸葛',30,'这是个好医生','普通医生',292,NULL,'commonPhoto.jpg'),(374,'姜易',32,'这是个好医生','普通医生',292,NULL,'commonPhoto.jpg'),(375,'杨兰',30,'这是个好医生','普通医生',293,NULL,'commonPhoto.jpg'),(376,'李恨枫',32,'这是个好医生','普通医生',293,NULL,'commonPhoto.jpg'),(377,'夏侯静',30,'这是个好医生','普通医生',294,NULL,'commonPhoto.jpg'),(378,'吕访蝶',32,'这是个好医生','普通医生',294,NULL,'commonPhoto.jpg'),(379,'吴友',30,'这是个好医生','普通医生',295,NULL,'commonPhoto.jpg'),(380,'赵玉冰',32,'这是个好医生','普通医生',295,NULL,'commonPhoto.jpg'),(381,'李绿琴',30,'这是个好医生','普通医生',296,NULL,'commonPhoto.jpg'),(382,'周宛',32,'这是个好医生','普通医生',296,NULL,'commonPhoto.jpg'),(383,'奚问灵',30,'这是个好医生','普通医生',297,NULL,'commonPhoto.jpg'),(384,'孔翠文',32,'这是个好医生','普通医生',297,NULL,'commonPhoto.jpg'),(385,'陶书寒',30,'这是个好医生','普通医生',298,NULL,'commonPhoto.jpg'),(386,'金蓝',32,'这是个好医生','普通医生',298,NULL,'commonPhoto.jpg'),(387,'彭南槐',30,'这是个好医生','普通医生',299,NULL,'commonPhoto.jpg'),(388,'奚傲',32,'这是个好医生','普通医生',299,NULL,'commonPhoto.jpg'),(389,'司马',30,'这是个好医生','普通医生',300,NULL,'commonPhoto.jpg'),(390,'葛访菡',32,'这是个好医生','普通医生',300,NULL,'commonPhoto.jpg'),(391,'朱春平',30,'这是个好医生','普通医生',301,NULL,'commonPhoto.jpg'),(392,'钱冷',32,'这是个好医生','普通医生',301,NULL,'commonPhoto.jpg'),(393,'章如山',30,'这是个好医生','普通医生',302,NULL,'commonPhoto.jpg'),(394,'尉迟涵',32,'这是个好医生','普通医生',302,NULL,'commonPhoto.jpg'),(395,'姜代夏',30,'这是个好医生','普通医生',303,NULL,'commonPhoto.jpg'),(396,'闻人夏',32,'这是个好医生','普通医生',303,NULL,'commonPhoto.jpg'),(397,'尉迟半',30,'这是个好医生','普通医生',304,NULL,'commonPhoto.jpg'),(398,'蒋书',32,'这是个好医生','普通医生',304,NULL,'commonPhoto.jpg'),(399,'魏惜安',30,'这是个好医生','普通医生',305,NULL,'commonPhoto.jpg'),(400,'沈春薇',32,'这是个好医生','普通医生',305,NULL,'commonPhoto.jpg'),(401,'彭梦',30,'这是个好医生','普通医生',306,NULL,'commonPhoto.jpg'),(402,'严傲巧',32,'这是个好医生','普通医生',306,NULL,'commonPhoto.jpg'),(403,'孙槐山',30,'这是个好医生','普通医生',307,NULL,'commonPhoto.jpg'),(404,'万俟',32,'这是个好医生','普通医生',307,NULL,'commonPhoto.jpg'),(405,'吕冬芙',30,'这是个好医生','普通医生',308,NULL,'commonPhoto.jpg'),(406,'秦觅',32,'这是个好医生','普通医生',308,NULL,'commonPhoto.jpg'),(407,'章梦新',30,'这是个好医生','普通医生',309,NULL,'commonPhoto.jpg'),(408,'严代',32,'这是个好医生','普通医生',309,NULL,'commonPhoto.jpg'),(409,'公羊真',30,'这是个好医生','普通医生',310,NULL,'commonPhoto.jpg'),(410,'东方',32,'这是个好医生','普通医生',310,NULL,'commonPhoto.jpg'),(411,'曹海春',30,'这是个好医生','普通医生',311,NULL,'commonPhoto.jpg'),(412,'范恨寒',32,'这是个好医生','普通医生',311,NULL,'commonPhoto.jpg'),(413,'苏梦问',30,'这是个好医生','普通医生',312,NULL,'commonPhoto.jpg'),(414,'许山',32,'这是个好医生','普通医生',312,NULL,'commonPhoto.jpg'),(415,'秦曼雪',30,'这是个好医生','普通医生',313,NULL,'commonPhoto.jpg'),(416,'金巧',32,'这是个好医生','普通医生',313,NULL,'commonPhoto.jpg'),(417,'朱山',30,'这是个好医生','普通医生',314,NULL,'commonPhoto.jpg'),(418,'王怀新',32,'这是个好医生','普通医生',314,NULL,'commonPhoto.jpg'),(419,'苏玉新',30,'这是个好医生','普通医生',315,NULL,'commonPhoto.jpg'),(420,'葛新南',32,'这是个好医生','普通医生',315,NULL,'commonPhoto.jpg'),(421,'褚山曼',30,'这是个好医生','普通医生',316,NULL,'commonPhoto.jpg'),(422,'许访翠',32,'这是个好医生','普通医生',316,NULL,'commonPhoto.jpg'),(423,'杨寻书',30,'这是个好医生','普通医生',317,NULL,'commonPhoto.jpg'),(424,'韩怜薇',32,'这是个好医生','普通医生',317,NULL,'commonPhoto.jpg'),(425,'周烟书',30,'这是个好医生','普通医生',318,NULL,'commonPhoto.jpg'),(426,'赵夏',32,'这是个好医生','普通医生',318,NULL,'commonPhoto.jpg'),(427,'郎卉',30,'这是个好医生','普通医生',319,NULL,'commonPhoto.jpg'),(428,'苏碧代',32,'这是个好医生','普通医生',319,NULL,'commonPhoto.jpg'),(429,'诸葛',30,'这是个好医生','普通医生',320,NULL,'commonPhoto.jpg'),(430,'诸葛玉',32,'这是个好医生','普通医生',320,NULL,'commonPhoto.jpg'),(431,'孔靖蓝',30,'这是个好医生','普通医生',321,NULL,'commonPhoto.jpg'),(432,'彭文寻',32,'这是个好医生','普通医生',321,NULL,'commonPhoto.jpg'),(433,'许春寒',30,'这是个好医生','普通医生',322,NULL,'commonPhoto.jpg'),(434,'欧阳筠',32,'这是个好医生','普通医生',322,NULL,'commonPhoto.jpg'),(435,'彭易',30,'这是个好医生','普通医生',323,NULL,'commonPhoto.jpg'),(436,'蒋槐',32,'这是个好医生','普通医生',323,NULL,'commonPhoto.jpg'),(437,'郎波宛',30,'这是个好医生','普通医生',324,NULL,'commonPhoto.jpg'),(438,'孔傲怜',32,'这是个好医生','普通医生',324,NULL,'commonPhoto.jpg'),(439,'陶忆访',30,'这是个好医生','普通医生',325,NULL,'commonPhoto.jpg'),(440,'蒋寒巧',32,'这是个好医生','普通医生',325,NULL,'commonPhoto.jpg'),(441,'褚旋',30,'这是个好医生','普通医生',326,NULL,'commonPhoto.jpg'),(442,'钱绿',32,'这是个好医生','普通医生',326,NULL,'commonPhoto.jpg'),(443,'柏碧翠',30,'这是个好医生','普通医生',327,NULL,'commonPhoto.jpg'),(444,'上官',32,'这是个好医生','普通医生',327,NULL,'commonPhoto.jpg'),(445,'司马翠',30,'这是个好医生','普通医生',328,NULL,'commonPhoto.jpg'),(446,'葛代醉',32,'这是个好医生','普通医生',328,NULL,'commonPhoto.jpg'),(447,'杨山',30,'这是个好医生','普通医生',329,NULL,'commonPhoto.jpg'),(448,'夏侯菡',32,'这是个好医生','普通医生',329,NULL,'commonPhoto.jpg'),(449,'东方',30,'这是个好医生','普通医生',330,NULL,'commonPhoto.jpg'),(450,'李春恨',32,'这是个好医生','普通医生',330,NULL,'commonPhoto.jpg'),(451,'曹山',30,'这是个好医生','普通医生',331,NULL,'commonPhoto.jpg'),(452,'彭山文',32,'这是个好医生','普通医生',331,NULL,'commonPhoto.jpg'),(453,'葛雁菡',30,'这是个好医生','普通医生',332,NULL,'commonPhoto.jpg'),(454,'卫紫',32,'这是个好医生','普通医生',332,NULL,'commonPhoto.jpg'),(455,'谢千',30,'这是个好医生','普通医生',333,NULL,'commonPhoto.jpg'),(456,'戚冷怜',32,'这是个好医生','普通医生',333,NULL,'commonPhoto.jpg'),(457,'范静柔',30,'这是个好医生','普通医生',334,NULL,'commonPhoto.jpg'),(458,'曹靖觅',32,'这是个好医生','普通医生',334,NULL,'commonPhoto.jpg'),(459,'窦雁乐',30,'这是个好医生','普通医生',335,NULL,'commonPhoto.jpg'),(460,'喻曼雁',32,'这是个好医生','普通医生',335,NULL,'commonPhoto.jpg'),(461,'谢问',30,'这是个好医生','普通医生',336,NULL,'commonPhoto.jpg'),(462,'奚冰',32,'这是个好医生','普通医生',336,NULL,'commonPhoto.jpg'),(463,'闻人',30,'这是个好医生','普通医生',337,NULL,'commonPhoto.jpg'),(464,'陈卉易',32,'这是个好医生','普通医生',337,NULL,'commonPhoto.jpg'),(465,'杨亦',30,'这是个好医生','普通医生',338,NULL,'commonPhoto.jpg'),(466,'上官安',32,'这是个好医生','普通医生',338,NULL,'commonPhoto.jpg'),(467,'赵菡友',30,'这是个好医生','普通医生',339,NULL,'commonPhoto.jpg'),(468,'许槐天',32,'这是个好医生','普通医生',339,NULL,'commonPhoto.jpg'),(469,'郑巧',30,'这是个好医生','普通医生',340,NULL,'commonPhoto.jpg'),(470,'潘枫易',32,'这是个好医生','普通医生',340,NULL,'commonPhoto.jpg'),(471,'周雅',30,'这是个好医生','普通医生',341,NULL,'commonPhoto.jpg'),(472,'王绿',32,'这是个好医生','普通医生',341,NULL,'commonPhoto.jpg'),(473,'潘寒靖',30,'这是个好医生','普通医生',342,NULL,'commonPhoto.jpg'),(474,'戚亦柏',32,'这是个好医生','普通医生',342,NULL,'commonPhoto.jpg'),(475,'韩卉',30,'这是个好医生','普通医生',343,NULL,'commonPhoto.jpg'),(476,'范灵青',32,'这是个好医生','普通医生',343,NULL,'commonPhoto.jpg'),(477,'郎之',30,'这是个好医生','普通医生',344,NULL,'commonPhoto.jpg'),(478,'云念蓝',32,'这是个好医生','普通医生',344,NULL,'commonPhoto.jpg'),(479,'闻人白',30,'这是个好医生','普通医生',345,NULL,'commonPhoto.jpg'),(480,'韩寒新',32,'这是个好医生','普通医生',345,NULL,'commonPhoto.jpg'),(481,'朱云新',30,'这是个好医生','普通医生',346,NULL,'commonPhoto.jpg'),(482,'陶灵千',32,'这是个好医生','普通医生',346,NULL,'commonPhoto.jpg'),(483,'云曼',30,'这是个好医生','普通医生',347,NULL,'commonPhoto.jpg'),(484,'金雪香',32,'这是个好医生','普通医生',347,NULL,'commonPhoto.jpg'),(485,'司马半',30,'这是个好医生','普通医生',348,NULL,'commonPhoto.jpg'),(486,'陈易碧',32,'这是个好医生','普通医生',348,NULL,'commonPhoto.jpg'),(487,'彭半',30,'这是个好医生','普通医生',349,NULL,'commonPhoto.jpg'),(488,'水易',32,'这是个好医生','普通医生',349,NULL,'commonPhoto.jpg'),(489,'范卉',30,'这是个好医生','普通医生',350,NULL,'commonPhoto.jpg'),(490,'秦灵',32,'这是个好医生','普通医生',350,NULL,'commonPhoto.jpg'),(491,'水冷',30,'这是个好医生','普通医生',351,NULL,'commonPhoto.jpg'),(492,'章玉',32,'这是个好医生','普通医生',351,NULL,'commonPhoto.jpg'),(493,'严薇',30,'这是个好医生','普通医生',352,NULL,'commonPhoto.jpg'),(494,'上官',32,'这是个好医生','普通医生',352,NULL,'commonPhoto.jpg'),(495,'欧阳之',30,'这是个好医生','普通医生',353,NULL,'commonPhoto.jpg'),(496,'严巧翠',32,'这是个好医生','普通医生',353,NULL,'commonPhoto.jpg'),(497,'吴雪',30,'这是个好医生','普通医生',354,NULL,'commonPhoto.jpg'),(498,'彭雁雁',32,'这是个好医生','普通医生',354,NULL,'commonPhoto.jpg'),(499,'姜寒',30,'这是个好医生','普通医生',355,NULL,'commonPhoto.jpg'),(500,'孙寻槐',32,'这是个好医生','普通医生',355,NULL,'commonPhoto.jpg'),(501,'皇甫',30,'这是个好医生','普通医生',356,NULL,'commonPhoto.jpg'),(502,'陶傲',32,'这是个好医生','普通医生',356,NULL,'commonPhoto.jpg'),(503,'水枫',30,'这是个好医生','普通医生',357,NULL,'commonPhoto.jpg'),(504,'上官',32,'这是个好医生','普通医生',357,NULL,'commonPhoto.jpg'),(505,'王怀',30,'这是个好医生','普通医生',358,NULL,'commonPhoto.jpg'),(506,'云莲寻',32,'这是个好医生','普通医生',358,NULL,'commonPhoto.jpg'),(507,'谢芹云',30,'这是个好医生','普通医生',359,NULL,'commonPhoto.jpg'),(508,'韩乐',32,'这是个好医生','普通医生',359,NULL,'commonPhoto.jpg'),(509,'郎怀夏',30,'这是个好医生','普通医生',360,NULL,'commonPhoto.jpg'),(510,'李香如',32,'这是个好医生','普通医生',360,NULL,'commonPhoto.jpg');

/*Table structure for table `hospital` */

DROP TABLE IF EXISTS `hospital`;

CREATE TABLE `hospital` (
  `hospitalId` varchar(40) NOT NULL,
  `hospitalName` varchar(20) DEFAULT NULL,
  `hospitalAddress` varchar(100) DEFAULT NULL,
  `hospitalPhone` varchar(20) DEFAULT NULL,
  `hospitalPhoto` varchar(100) DEFAULT NULL,
  `hospitalLevel` varchar(30) DEFAULT NULL,
  `hospitalDescription` text,
  PRIMARY KEY (`hospitalId`)
) ENGINE=InnoDB DEFAULT CHARSET=utf8;

/*Data for the table `hospital` */

insert  into `hospital`(`hospitalId`,`hospitalName`,`hospitalAddress`,`hospitalPhone`,`hospitalPhoto`,`hospitalLevel`,`hospitalDescription`) values ('1','复旦大学附属华山医院','上海市静安区乌鲁木齐中路12号',' 021-52889999','huashan.jpg','三级甲等','复旦大学附属华山医院创建于1907年，是复旦大学附属综合性教学医院和中国红十字会直属医院，1992年首批通过国家三级甲等医院评审，目前已成为国家级高层次的医教研中心之一，在国内外享有较高声誉。 华山医院医疗技术力量雄厚，全院2000余名职工之中，医疗专业技术人员占80%，其中副高职以上专家300多人，中国科学院和中国工程院院士各1名。在全国学术性机构任主任委员或副主任委员13人，在上海学术性机构任主任委员或副主任委员28人。许多专家教授在国内外享有较高知名度。 全院共设34个临床医技科室，是一个特色学科很多的医院，尤以神经内外科、皮肤科、手外科、中西医结合、传染病科、脊柱和关节外科、肾脏病科、泌尿外科、肾移植、胰腺外科、乳房外科、内分泌科、职业病和风湿科、颌面外科、影像医学和核医学、运动医学、康复医学为特长，其中神经外科、手外科、中西医结合科、泌尿外科、神经内科、传染病学和抗生素、肾病科、心血管科、影像医学和核医学、普外科为国家级重点学科，临床神经医学、手外科为上海市领先学科，神经外科、手外科被命名为上海市临床医学中心。 华山医院有核定床位1326张，因其较高的医疗质量和良好的服务而深受病人欢迎，同时也因有较好的医疗特色吸引了全国各地的病人，全院每年门急诊就诊病人150余万人次，住院病人2万余人次，其中有50%左右是由全国各地转来的各种疑难杂症，尤其是神经内外科、手外科及皮肤科比例更高。肾透析中心、重症监护中心(ICU)都具有相当规模和水平。重危病人抢救成功率达90%以上。从1996年起还建立了“卫星远程会诊中心”，可为全国各地病人通过卫星进行远程会诊。 为方便广大病员和适应不同层次医疗需求，医院实行年中无休制度并开展了特需医疗服务，设有专家门诊、疑难杂症诊疗中心及特需服务部。1989年医院在沪首先开设涉外病房，收治了来自世界60多个国家的近万名病人，深受海外病员的信任,1994年获驻沪八个领事馆赠送的荣誉金牌。医院还相继成立了中外合作的眼病中心、伽玛医院和高等病房。 在完成大量的医疗任务同时，医院还承担着繁重的科研与教学工作。近5年来医院获省部级以上成果45项，获卫生部临床重点项目4项，复旦大学“985”工程学科4项，有10个学科被国家教育部评为重点学科。医院设有19个博士点，32个硕士点，每年承担培养硕士生220余名，博士生210余名及博士后流动的教学任务，并且还是复旦大学本科生的主要教学与实习基地。 复旦大学附属华山医院是复旦大学上海医学院（原上海医科大学）附属的一所综合性教学医院。建院于1907年，前身是中国红十字会总院，是上海地区中国人最早创办的医院，1991年重新恢复为中国红十字会直属医院。1992年首批通过国家三级甲等医院评审，目前已成为一所国家高层次的医疗机构，并为全国医疗、预防、教学、科研相结合的技术中心，在国内外享有较高的声誉。'),('10','上海市中西医结合医院','上海市虹口区保定路230号','021-65415910','zhongxi.jpg','三级甲等医院','中心本着人性化、关爱室理念，查体全过程做到一站式服务。面对社会各界，根据年龄职业、性别、身体状况、经济基础等不同情况，设计了各种体检套餐，以方便受检者的选择。并提供\"普通健康体检\"、\"特需健康体检\"和\"医疗保健咨询\"等服务。 　　中心体检项目齐全，检查设备精良，有先进的CT机、骨密度仪、电子胃镜、肠镜、心彩超、B超机、电脑全自动心电图机、12导心电生理仪、大型电子血压仪、近红外线乳腺检查仪、全自动血液生化检测仪等。 　　中心的宗旨是：为社会各界提供优质、高校、满意、便捷的体检服务。 　　体检中心的地址：虹口区保定路184号 　　邮政编码：200082 　　电话、传真：021--35110016'),('2','复旦大学附属中山医院','上海市徐汇区枫林路180号',' 021-64041990','zhongshan.jpg','三级甲等医院','复旦大学附属中山医院是卫生部部属综合性教学医院。医院开业于1937年，是当时中国人管理的第一所大型综合性医院，隶属于国立上海医学院，为纪念中国民主革命的先驱孙中山先生而命名为孙中山纪念医院，后更名为中山医院。解放后曾称上海第一医学院附属中山医院和上海医科大学附属中山医院，2001年用现名。 经过70多年的发展，中山医院本部目前占地面积95892.1m^2，总建筑面积185736.27m^2，核定床位1700张。2010年门急诊就诊量263万人次，出院病人6.9万人次，住院手术病人4.5万人次。全院职工2986人，拥有中国工程院院士2人，高级职称375人，医师956人，护士1165人，医技人员239人。 院本部设有除小儿科以外的所有科室、综合实力雄厚。心脏、肝癌、肾脏和肺部疾病诊治是医院的重点和特色，诊治水平始终处于国内领先地位。其中心血管病和肝肿瘤是上海市临床医学中心。消化科、检验科和麻醉科是国家临床重点学科。上海市心血管病研究所、复旦大学肝癌研究所、上海市影像医学研究所、上海市中西医结合康复研究所、复旦大学呼吸病研究所、复旦大学血管外科研究所、复旦大学普通外科研究所、复旦大学内镜诊疗研究所、复旦大学核医学研究所设在院内，成为医院重要的研究机构。上海市的院内感染、超声诊断、呼吸内科、心血管内科、胸心外科、普通外科6个临床质量控制中心也挂靠中山医院。医院每年承担国家、卫生部和上海市重大科研项目近百项。近年获国家级、教育部、卫生部和上海市科技成果奖百项。设有博士点15个，硕士点21个，有卫生部专科医师培训基地22个，上海市住院医师培训基地26个。每年举办国家级继续医学教育学习班40期，招收进修医生600名，为国家培养了许多高级医学人才。 医院拥有先进的医疗设备，包括断层放射治疗系统(Tomo Therapy)、PET-CT、320排640层超速螺旋CT、全数字平板式心血管造影机(DSA)、直线加速器、3.0T磁共振断层扫描仪、达芬奇机器人手术系统、单光子发射计算机断层扫描仪(SPECT)、数字化X线成像系统(DR)、重症监护系统和远程医疗教学系统等等。 与香港保健协会合作建立的上海逸仙医院为境内外人士服务，深受欢迎。 中山医院始终秉承“以病人为中心”的精神，倡导“严谨、求实、团结、奉献”的院训，以严谨的医疗作风、精湛的医疗技术和严格的科学管理，努力为国内外病人提供更多更好的医疗服务。'),('3','上海交通大学医学院附属瑞金医院','上海市黄浦区瑞金二路197号','021-64370045','ruijin.jpg','三级甲等医院',' 上海交通大学医学院附属瑞金医院(上海瑞金医院)建于1907年，原名广慈医院，是一所三级甲等大型综合性教学医院。医院占地面积12万平方米，建筑面积24.5万平方米，绿化面积4万平方米，核定床位1600张，全院职工3445人，其中医师1010余人(其中正副教授及各类高级科技人员593人)。拥有中国科学院院士陈竺、中国工程院院士王振义、陈赛娟等一大批在国内外享有较高知名度的医学专家。医院设有34个临床科室、9个医技科室;现有国家教育部重点学科3个(内分泌、血液、消化)，上海市重中之重学科1个(血液)，上海市重点学科1个(内分泌)，上海市优势学科一个(肾脏)，上海市教委重点学科6个(消化外科、血液科、内分泌科、骨科、烧伤科、心脏内科)，上海市卫生局医学领先专业重点学科3个(消化外科、血液科、肾脏内科)。医院还有6个市级研究所(上海市伤骨科研究所、上海市高血压研究所、上海市内分泌研究所 、上海烧伤研究所、上海血液学研究所、上海消化外科研究所)，2个校级研究所(上海交通大学医学院神经病学研究所、上海交通大学心血管病研究所)，1个院级研究所(感染病与呼吸病研究所)，8个校级研究室，3个院级实验室。此外，还建立了国家重点实验室和教育部重点实验室各1个(医学基因组学重点实验室)，2个卫生部重点实验室(人类基因组重点实验室、内分泌代谢重点实验室)，4个上海市重点实验室(人类基因组研究重点实验室、血管生物学重点实验室、中西医防治骨关节病损重点实验室、内分泌肿瘤重点实验室)。并通过整合上述科研力量，建立了附属瑞金医院生物医学研究院。同时，还建有与临床诊疗密切结合的一些中心，包括分子医学中心、糖尿病研究中心、血栓与止血研究中心、血液病诊治中心、基因诊断中心、眼科中心、青少年生长发育中心、介入治疗中心、生殖医学中心等。另外上海市卫生局有4个质量控制中心(康复、骨科、心脏介入、血液)挂靠在瑞金医院。瑞金医院于20世纪50年代成功抢救邱财康后，大面积烧伤治疗始终处于世界先进水平;70年代在国内率先开展了心脏和肝脏的移植手术;90年代在白血病分子生物学研究和临床医疗领域取得了重大进展;21世纪日臻完善的器官移植，使得许多病人将这里视为生命的绿洲。为此，医院获得了全国卫生系统先进集体(6次)、全国百佳医院;全国创建文明行业先进集体、全国卫生系统先进思想政治工作研究会;上海市文明单位(9次);全国模范职工之家;全国青年文明号、全国\"五四\"红旗团组织创建单位等。瑞金医院以所取得的成就和荣誉为动力，为了进一步适应市场需求，医院积极开展高精尖诊疗技术，如微创伤手术、关节镜手术、心血管介入治疗、眼科准分子激光术等，并充分利用医院综合医疗优势，实行多学科或跨学科联合会诊制，使医疗诊治水平日益提高。同时医院还将发展目标定位在研究型医院上，借助医院9个市级研究所，医院在肾脏内科、消化内科、内分泌、高血压、中医伤科、急性坏死性胰腺炎、生殖医学等学科中颇具特色，特别是国家重点研究所的科研优势，立足临床加大科研力度，为人民健康创造出了许多临床新成果。医院还不断深化人性化服务，推出了\"以优质的医疗使病人放心、以一流的服务使病人称心、以优美的环境使病人舒心\"的\"三心工程\"，以温馨、便捷、优质、高效的服务赢得了社会和病家的信任，促进了医院两个文明建设的发展。瑞金医院是上海交通大学医学院最大的临床教学基地，\"瑞金临床医学院\"也设在医院中，承担医学系、检验系、高级护理系的临床教学任务，并接受上海交通大学医学院夜大学、高级医师进修班及来自全国各地医院的进修学员的临床教学任务。近年来，瑞金医院获得各类科研项目300余项，包括国家自然科学基金重大项目、重点项目、面上项目、国家科委863项目、S863项目、973项目、攀登计划、国家八五攻关项目、九五攻关项目、卫生部科研项目、国家教委留学生基金项目、上海市级科研项目等重大项目。医院现有硕士生点29个、博士生点22个，具有招生资格的博士生导师66名、具有招生资格的硕士生导师84名，内、外科均为博士后流动站。医院的科研技术人才在国家杰出人才基金、国家教委跨世纪人才培养基金、上海市启明星计划、启明星后计划、上海市曙光计划、上海市卫生系统百名跨世纪优秀学科带头人计划中占有较重比例。还获得一系列有很高含金量的国际奖项，如：美国灼伤协会伊文思奖，意大利惠特克国际烧伤奖，美国凯特林癌症奖，瑞士布鲁巴赫癌症研究奖，法国卢瓦茨奖和祺诺台杜加奖，以及香港何梁何利基金技术奖等。为了引进先进的技术和设备，瑞金医院还积极开展对外交流与协作，与法国、美国、英国、加拿大、比利时、日本、澳大利亚等国家和香港、台湾、世界卫生组织等地区和组织有着广泛的联系，并建立了多项科研合作。 1999年8月4日，为了贯彻落实国家卫生改革工作的精神，探索市场经济条件下医院发展的新模式，实现\"以比较低廉的价格提供比较优质服务\"的宗旨，瑞金医院率先与部分医疗机构实行资产重组，建立了上海瑞金医院集团，初步实现了跨地区、跨行业、跨级别、跨部门医疗资源的重组，使以瑞金医院为核心的区域医疗卫生中心逐步形成。多年来，瑞金医院与集团下属的医院分部、卢湾分院、闵行医院和台州中心医院都取得了明显的经济效益和社会效益。 2002年10月25日，瑞金医院在科研工作模式的探索上又迈出了坚实的一步，在国内开创性的成立了\"生物医学研究院\"。从而形成了\"大科研\"的新格局，实现科研体制、用人机制和科学研究等的全面创新。该研究院以瑞金医院的研究力量为主，联合中国科学院上海生命科学研究院、原上海第二医科大学健康科学中心、国家人类基因组南方中心等科研单位，是我国第一个以医院为主体的、将生命科学与临床医学紧密结合的研究与开发机构。研究院所奉行的\"但求所用，不求所有\"的用人原则，真正实现了人才的\"柔性流动\"，使更多科研人员有了施展才华的舞台和空间。 2010年瑞金医院门急诊人次达270.6万，手术例数达4.12万次，出院病人7.6万人次，平均住院天数为8.68天。'),('4','上海交通大学医学院附属仁济医院东院','上海市浦东新区浦建路160号','021-58752345','renjieast.jpg','三级甲等医院','上海交大医学院附属仁济医院建于1844年，是上海开埠后第一所西医医院，迄今已有161年的历史，她是中国最早的综合性西医医院之一，是我国近代医学的摇篮...... 　　医院的规模不断扩大，尤其是建国五十多年来，医院得到了迅速地发展，成为学科门类齐全，集医疗、教学、科研于一体的综合性三级甲等医院。医院由东西二部组成。西部位于上海市黄浦区中央商务区内，毗邻外滩；东部位于浦东陆家嘴金融贸易区内。新中国成立之后，仁济医院取得了许多临床医学成果，填补了我国医学的多项空白，如心脏二尖瓣狭窄分离术，使心脏手术从心外进入心内禁区；低温麻醉下心内直视脉动脉脉瓣切开术，是我国心内直视技术的开端；低温麻醉房间隔缺损直视修补，则使低温直视心内手术上了新台阶；针刺麻醉下体外循环心内直视手术成功，更是我国的开创性医学成果。此外，国内首次成功施行的皮肾静脉吻合术、门腔静脉吻合分流术、晚期吸血虫病外科治疗、脾血回输新技术等，都具有相当高的水平。　　1999年10月，仁济东院建成投入使用，摆脱了长期困扰医院发展的地域限制，医院占地面积由原来的14亩扩大为145亩。床位数由原来的700张增加到1300张。医疗技术力量雄厚，拥有在职正高职称专家117名，副高职称专家281名，年门诊量达到190万人次，住院人数达3万余人次，年手术1.9万余例。　　仁济重视学科建设与人才培养。目前，拥有上海市消化疾病研究所、上海市风湿疾病研究所和上海市男科学研究所；拥有上海市唯一的人类精子库、上海市产科心脏病监护中心、上海市血液透析和激光医学两个质控中心。近年来培育形成了一批技术先进，充满活力的优势学科群。拥有PET-CT、3.0T磁共振、直线加速器等一流设备。承担了浦东地区大部分急救任务。近5年来，申请到局级以上（含局级）科研项目150余项，申请专利23项，其中实用型专利11项，在全国医疗机构中名列前茅。 3人获\"上海市领军人才\"称号，28人入选上海市各类人才培养计划。　　在全市三级综合性医院中率先推行并通过ISO9001质量管理认证体系。仁济医疗管理有限公司已成功托管江浙沪地区二甲以上共12家医院；涉外全康国际医疗中心为驻沪外籍人士提供最具质量和诚信的医疗保障。　　近三年在上海市万人问卷调查中病人满意率处于全市前列。连续七次荣获全国卫生系统先进集体称号，连续八次获上海市卫文明单位称号。'),('5','上海交通大学医学院附属仁济医院西院','上海市黄浦区山东中路145号','021-63261796','renjiwest.jpg','三级甲等医院','仁济医院建于1844年，是上海开埠后第一所西医医院，迄今已有160多年的历史。仁济医院是一个学科门类齐全，集医疗、教学、科研于一体的综合性三级甲等医院。医院目前由东西南北四个院区组成：东院位于浦东陆家嘴金融贸易区内，于1999年10月建成投入使用，占地86875平方米，总建筑面积205425平方米；西院位于上海市黄浦区中央商务区内，毗邻外滩，占地7811平方米，总建筑面积31959平方米；在建中的南院位于闵行区浦江镇，紧邻世博家园，共占地71000万平方米，总建筑面积72000平方米；在建中的北院占地6667平方米，总建筑面积17350平方米。医院目前总核定床位1400张。医院医疗技术力量雄厚，设有临床科室34个，临床医技科室8个；共有职工2700余人，其中正、副高级职称专家400余名；医院拥有细胞刀、超声刀、核磁共振仪、128排CT、数字X线摄片机、PET-CT等众多先进的大型医疗设备；据最新统计资料，年门急诊病人超过250万人次，住院病人6万余人次，完成各类手术3万多台。'),('6','上海市黄浦区香山中医医院','上海市黄浦区复兴中路528号','021-53061730','xiangshan.jpg','二级医院','上海市黄浦区香山中医医院（原上海市卢湾区香山中医医院）建于1985年10月，系上海市最早成立的二级甲等中医医院之一，上海中医药大学硕士研究生学位点，上海市卫生系统文明单位。医院位于复兴中路528号，地处孙中山故居西侧，南傍中国共产党驻沪办事处（周公馆）。周边环境优美，绿树成荫，占地面积约6000m²。\n医院有G.P.P认证的中药制剂室，开设内、外、伤、康复、针灸、推拿、妇、儿、眼、五官、皮肤、肛肠、口腔等多个临床科室，还有20多个专病专科门诊，如腰椎间盘突出症、颈椎病、肩周炎、小儿推拿、骨关节病、骨刺、中风、脾胃病、肛肠病、糖尿病、失眠、肿瘤、哮喘、青少年助长门诊等。其中，施氏伤科被列为上海市非物质文化遗产项目、上海市临床中医重点学科；肛肠科被评为上海市中医临床优势专科，中医脾胃病为区重点专科建设项目。\n香山骨伤科传承于沪上伤科八大家之一的\"施氏伤科\"，以施氏医学理念为主导，专科的特色是运用施氏伤科传统治疗措施，以中药内服外敷结合手法治疗为主，以物理治疗为助，结合功能训练和健康教育，对骨伤科疾病进行预防--治疗--康复的系统诊疗。作为上海市的医学特色领先专科，在治疗腰椎间盘突出症、肩周炎、骨关节病、骨质疏松症、颈椎病等具有明显优势，在上海享有极高的声誉。\n香山肛肠科经过多年的医疗实践，大胆创新，将传统医学经典的痔结扎法原理与现代医学PPH术式的精髓有机融合起来，采用独创的\"结扎悬吊修切法\"，并荣获了上海市中医药科技进步奖。\"无痛肛肠手术\"成为香山肛肠外科的鲜明特色，为数以万计的患者解决了\"难言之隐\"。\n香山中医医院遵循\"承歧黄古道，建特色香山，创中医未来\"的理念，汇聚了以\"上海市名中医\"领衔牵头的多个学科团队，正在打造初具规模的\"香山名医馆\"，以期为患者提供更优质的中医特色医疗服务。'),('7','上海邮电医院','上海市长乐路666号','021-54047060','youdian.jpg','二级医院','上海邮电医院秉承“立足邮电，面向社会，尽心尽职，救死扶伤”的服务宗旨，在上级公司和卫健委的支持与关怀下，科学管理，深化改革，开拓创新，积极适应医改工作的需要，在服务企业的同时主动融入社会区域医疗规划，承担地方医疗预防保健和治疗工作。在加强医疗行业管理的同时，借鉴企业经营管理的手段和方法，使医院得到良性运营与发展，在探索企业医院可持续发展道路上不断取得成效。医院创建于1951年，是建国后上海最早建立的职工医院之一，是一所集临床医疗、预防保健、健康体检为一体的医保定点二级甲等医院。由座落在长乐路的本部和位于复兴中路的南部健康体检中心共同组成，加之遍布上海邮电企业医疗巡回点及社区医疗咨询点，形成独特的一体化医疗保健网络。本部位于市中心，基础科室齐全，特色专科众多。微创外科、呼吸内科、消化内科、心血管内科、康复医学科、中医综合治疗、口腔种植牙和白内障手术是医院的优势科目。近年来，与多家三级医院组成医联体，如加入仁济医院医联体、长征医院市中心创伤急救医联体、市眼病防治中心专科医联体、长海医院疼痛专科医联体、同济医院康复联盟等，与瑞金医院胸痛中心、华山医院胸痛中心、仁济医院骨科、新华医院胸外科等专科建立分级诊疗合作，合作成立上海复旦临床病理诊断中心-上海邮电医院病理会诊平台。作为“静安区特色专科”的呼吸内科是老年肺部感染和呼吸衰竭防治联盟成员之一。南部座落于复兴中路，集体检、体测、门诊于一体，可提供大规模人群的健康体检评估和健康干预，是上海市体检质控中心质量督查优秀单位。 '),('8','上海中医药大学众益达中医门诊部','闵行区七宝镇新镇路1151号1幢、2幢',' 021-52210793','yida.jpg','一级医院','上海众益达中医门诊部座落于具有丰厚文化底蕴的七宝古镇旁。是一所由上海中医药大学出资创办的集医疗、教育、科研为一体的医疗机构。同时也是上海中医药大学名中医学术传承示范基地、膏方养生实践基地、医养结合实践基地。门诊部汇集了来自龙华医院、曙光医院、岳阳医院等上海中医药大学各附属医院专家团队。通过开展传统的中医诊断、中医治疗、中医预防保健等辩证施治手段，为广大病患提供优质中医药服务。'),('9','上海长海医院','上海市杨浦区长海路168号','021-31166666','changhai.jpg','三级甲等','　 第二军医大学附属长海医院创建于1949年，是一所集医疗、教学、科研为一体的现代化大型综合性医院。1993年首批评为三级甲等医院。1998年荣膺全国百佳医院称号。连续13届获上海市\"文明单位\"称号。\n 　　医院占地32万平方米，建筑面积27.6万平方米，其中工作用房17.6万平方米，生活用房10万平方米，实现了医疗区、教学科研区、生活区三区分离。现拥有病房大楼、科技大楼、医技楼、第二医技楼、胸心疾病诊治大楼、门急诊楼、影像诊断中心楼、感染科楼、康宾楼、生殖研究中心楼、制剂楼等布局合理、设施先进的医疗建筑群，以及供病人休息的\"怡园\"、\"馨园\"等环境优雅、景色怡人的场所。医院设有科室49个，展开床位1800余张。拥有一批国内外知名的专家教授和中青年技术骨干。医院现有博士点25个、硕士点40个，并设博士后流动站4个。每年完成医疗、药学、护理等专业和外国留学生共3000多名学生的教学任务。60年代以来先后形成肝胆外科、胸心外科、烧伤外科、创伤外科、血液内科、消化内科等特色学科。目前拥有国家级重点学科15个，全军专科研究所、中心13个，全军重点实验室2个，上海市临床医学中心2个，上海市医学质控中心3个，上海市示范学科1个，现为全军、全国临床药理基地。部分研究项目具有国际先进水平。医院注重高新技术的创新和运用，在脑血管病防治、血管外科、影像诊断、X线刀、微波治疗、腹腔镜手术、\"细胞刀\"治疗帕金森病、整形整容、准分子激光近视手术、钬激光治疗泌尿系结石、肛肠疾病诊治、放射治疗、介入治疗、基因治疗、创伤救治、房间隔缺损封堵、颈椎脊柱病诊治、中晚期肝癌的中西医结合治疗及血液净化等方面各展所长，形成了新的特色。');

/*Table structure for table `hospital_department` */

DROP TABLE IF EXISTS `hospital_department`;

CREATE TABLE `hospital_department` (
  `hos_dep_Id` int(11) NOT NULL AUTO_INCREMENT,
  `hospitalId` varchar(40) NOT NULL,
  `departmentId` varchar(40) NOT NULL,
  PRIMARY KEY (`hospitalId`,`departmentId`),
  KEY `departmentId` (`departmentId`),
  KEY `hos_dep_Id` (`hos_dep_Id`),
  CONSTRAINT `hospital_department_ibfk_1` FOREIGN KEY (`hospitalId`) REFERENCES `hospital` (`hospitalId`),
  CONSTRAINT `hospital_department_ibfk_2` FOREIGN KEY (`departmentId`) REFERENCES `department` (`departmentId`)
) ENGINE=InnoDB AUTO_INCREMENT=361 DEFAULT CHARSET=utf8;

/*Data for the table `hospital_department` */

insert  into `hospital_department`(`hos_dep_Id`,`hospitalId`,`departmentId`) values (109,'1','1001'),(110,'1','1002'),(111,'1','1003'),(112,'1','1004'),(113,'1','1005'),(114,'1','1006'),(115,'1','1007'),(116,'1','1008'),(117,'1','1009'),(118,'1','1010'),(119,'1','1011'),(120,'1','1012'),(121,'1','1013'),(122,'1','1014'),(123,'1','1015'),(124,'1','1016'),(125,'1','1017'),(126,'1','1018'),(127,'1','1019'),(128,'1','1020'),(129,'1','1021'),(130,'1','1022'),(131,'1','1023'),(132,'1','1024'),(133,'1','1025'),(134,'1','1026'),(135,'1','1027'),(136,'1','1028'),(137,'1','1029'),(138,'1','1030'),(139,'1','1031'),(140,'1','1032'),(141,'1','1033'),(142,'1','1034'),(143,'1','1035'),(144,'1','1036'),(145,'2','1001'),(146,'2','1002'),(147,'2','1003'),(148,'2','1004'),(149,'2','1005'),(150,'2','1006'),(151,'2','1007'),(152,'2','1008'),(153,'2','1009'),(154,'2','1010'),(155,'2','1011'),(156,'2','1012'),(157,'2','1013'),(158,'2','1014'),(159,'2','1015'),(160,'2','1016'),(161,'2','1017'),(162,'2','1018'),(163,'2','1019'),(164,'2','1020'),(165,'2','1021'),(166,'2','1022'),(167,'2','1023'),(168,'2','1024'),(169,'2','1025'),(170,'2','1026'),(171,'2','1027'),(172,'2','1028'),(173,'2','1029'),(174,'2','1030'),(175,'2','1031'),(176,'2','1032'),(177,'2','1033'),(178,'2','1034'),(179,'2','1035'),(180,'2','1036'),(181,'3','1001'),(182,'3','1002'),(183,'3','1003'),(184,'3','1004'),(185,'3','1005'),(186,'3','1006'),(187,'3','1007'),(188,'3','1008'),(189,'3','1009'),(190,'3','1010'),(191,'3','1011'),(192,'3','1012'),(193,'3','1013'),(194,'3','1014'),(195,'3','1015'),(196,'3','1016'),(197,'3','1017'),(198,'3','1018'),(199,'3','1019'),(200,'3','1020'),(201,'3','1021'),(202,'3','1022'),(203,'3','1023'),(204,'3','1024'),(205,'3','1025'),(206,'3','1026'),(207,'3','1027'),(208,'3','1028'),(209,'3','1029'),(210,'3','1030'),(211,'3','1031'),(212,'3','1032'),(213,'3','1033'),(214,'3','1034'),(215,'3','1035'),(216,'3','1036'),(217,'4','1001'),(218,'4','1002'),(219,'4','1003'),(220,'4','1004'),(221,'4','1005'),(222,'4','1006'),(223,'4','1007'),(224,'4','1008'),(225,'4','1009'),(226,'4','1010'),(227,'4','1011'),(228,'4','1012'),(229,'4','1013'),(230,'4','1014'),(231,'4','1015'),(232,'4','1016'),(233,'4','1017'),(234,'4','1018'),(235,'4','1019'),(236,'4','1020'),(237,'4','1021'),(238,'4','1022'),(239,'4','1023'),(240,'4','1024'),(241,'4','1025'),(242,'4','1026'),(243,'4','1027'),(244,'4','1028'),(245,'4','1029'),(246,'4','1030'),(247,'4','1031'),(248,'4','1032'),(249,'4','1033'),(250,'4','1034'),(251,'4','1035'),(252,'4','1036'),(253,'5','1001'),(254,'5','1002'),(255,'5','1003'),(256,'5','1004'),(257,'5','1005'),(258,'5','1006'),(259,'5','1007'),(260,'5','1008'),(261,'5','1009'),(262,'5','1010'),(263,'5','1011'),(264,'5','1012'),(265,'5','1013'),(266,'5','1014'),(267,'5','1015'),(268,'5','1016'),(269,'5','1017'),(270,'6','1018'),(271,'6','1019'),(272,'6','1020'),(273,'6','1021'),(274,'6','1022'),(275,'6','1023'),(276,'6','1024'),(277,'6','1025'),(278,'6','1026'),(279,'6','1027'),(280,'6','1028'),(281,'6','1029'),(282,'6','1030'),(283,'6','1031'),(284,'6','1032'),(285,'6','1033'),(286,'6','1034'),(287,'6','1035'),(288,'6','1036'),(289,'9','1001'),(290,'9','1002'),(291,'9','1003'),(292,'9','1004'),(293,'9','1005'),(294,'8','1006'),(295,'8','1007'),(296,'8','1008'),(297,'8','1009'),(298,'8','1010'),(299,'8','1011'),(300,'8','1012'),(301,'8','1013'),(302,'8','1014'),(303,'8','1015'),(304,'8','1016'),(305,'8','1017'),(306,'8','1018'),(307,'8','1019'),(308,'8','1020'),(309,'8','1021'),(310,'8','1022'),(311,'8','1023'),(312,'8','1024'),(313,'8','1025'),(314,'8','1026'),(315,'8','1027'),(316,'7','1028'),(317,'7','1029'),(318,'7','1030'),(319,'7','1031'),(320,'7','1032'),(321,'7','1033'),(322,'7','1034'),(323,'7','1035'),(324,'7','1036'),(325,'10','1001'),(326,'10','1002'),(327,'10','1003'),(328,'10','1004'),(329,'10','1005'),(330,'10','1006'),(331,'10','1007'),(332,'10','1008'),(333,'10','1009'),(334,'10','1010'),(335,'10','1011'),(336,'10','1012'),(337,'10','1013'),(338,'10','1014'),(339,'10','1015'),(340,'10','1016'),(341,'10','1017'),(342,'10','1018'),(343,'10','1019'),(344,'10','1020'),(345,'10','1021'),(346,'10','1022'),(347,'10','1023'),(348,'10','1024'),(349,'10','1025'),(350,'10','1026'),(351,'10','1027'),(352,'10','1028'),(353,'10','1029'),(354,'10','1030'),(355,'10','1031'),(356,'10','1032'),(357,'10','1033'),(358,'10','1034'),(359,'10','1035'),(360,'10','1036');

/*Table structure for table `question` */

DROP TABLE IF EXISTS `question`;

CREATE TABLE `question` (
  `questionId` int(11) NOT NULL AUTO_INCREMENT,
  `questionTitle` varchar(100) DEFAULT NULL,
  `questionContent` text,
  `departmentId` varchar(40) DEFAULT NULL,
  `questionOwnerId` int(11) DEFAULT NULL,
  `questionState` binary(1) DEFAULT '0',
  `createDate` varchar(35) DEFAULT NULL,
  `attachmentFile` varchar(60) DEFAULT NULL,
  PRIMARY KEY (`questionId`),
  KEY `departmentId` (`departmentId`),
  CONSTRAINT `question_ibfk_1` FOREIGN KEY (`departmentId`) REFERENCES `department` (`departmentId`)
) ENGINE=InnoDB AUTO_INCREMENT=16 DEFAULT CHARSET=utf8;

/*Data for the table `question` */

insert  into `question`(`questionId`,`questionTitle`,`questionContent`,`departmentId`,`questionOwnerId`,`questionState`,`createDate`,`attachmentFile`) values (2,'咳嗽疼','咳嗽的时候喉咙疼，还有痰卡在喉咙里。','1006',1,'0','2020-03-30 17:40:59',NULL),(3,'脸上有红疹，干痒','脸上有红疹，干痒。洗完澡后症状加重。','1030',1,'0','2020-03-30 17:46:26',NULL),(4,'眼睛不舒服','眼睛有点红，感觉像是有沙子在里面。','1031',2,'0','2020-03-30 18:22:44',NULL),(5,'大腿抽筋','早晨起来大腿会抽筋。','1011',1,'0','2020-03-31 14:25:24',NULL),(6,'肚子疼','肚子疼','1004',1,'0','2020-04-01 10:11:10',NULL),(7,'手痒','手痒，起红疹','1030',6,'0','2020-04-02 16:11:32','shouyang.jpg'),(8,'咳嗽','咳嗽有痰，嗓子疼。','1006',1,'0','2020-04-03 17:16:31',NULL),(10,'指甲裂开','指甲打球的时候裂开来了，怎么办','1024',3,'0','2020-04-10 21:37:17','67efc675-6a28-4f58-b3d1-3125977b7aa1.jpg'),(11,'眼睛疼','眼睛不舒服，有点疼，还眼睛红。','1031',3,'0','2020-04-10 22:28:59','80447ab1-33de-41a6-b269-174b1c00d0d5.jpg'),(12,'发烧','发烧喉咙痛。还干咳','1006',3,'0','2020-04-27 14:47:43',NULL),(13,'手疼','手有点疼，红','1024',3,'0','2020-05-07 17:57:21','8104c201-3ff4-46d4-9e58-50a8ba524288.jpg'),(14,'手疼','手上红肿疼痛','1024',7,'0','2020-05-15 12:36:07','8ff3cd84-8552-48a0-a6a5-ef206cc47b13.jpg'),(15,'手红','手痒','1030',8,'0','2020-05-15 15:22:16','d346ae69-01ad-46ce-b83f-0dc4c1aa8f13.jpg');

/*Table structure for table `register` */

DROP TABLE IF EXISTS `register`;

CREATE TABLE `register` (
  `registerId` int(10) NOT NULL AUTO_INCREMENT,
  `registerName` varchar(20) DEFAULT NULL,
  `registerType` varchar(20) DEFAULT NULL,
  `register_hos_dep` int(10) DEFAULT NULL,
  `registerDoctorId` int(10) DEFAULT NULL,
  `registerDate` varchar(35) DEFAULT NULL,
  `registerMorA` varchar(10) DEFAULT NULL,
  `createDate` varchar(35) DEFAULT NULL,
  PRIMARY KEY (`registerId`),
  KEY `register_hos_dep` (`register_hos_dep`),
  CONSTRAINT `register_ibfk_1` FOREIGN KEY (`register_hos_dep`) REFERENCES `hospital_department` (`hos_dep_Id`)
) ENGINE=InnoDB AUTO_INCREMENT=24 DEFAULT CHARSET=utf8;

/*Data for the table `register` */

insert  into `register`(`registerId`,`registerName`,`registerType`,`register_hos_dep`,`registerDoctorId`,`registerDate`,`registerMorA`,`createDate`) values (12,'admin','普通门诊',127,NULL,'2020-03-19','上午','2020-03-23 17:23:12'),(16,'admin','专家门诊',201,4,'2020-03-25','上午','2020-03-26 15:48:18'),(17,'sss','普通门诊',127,NULL,'2020-04-02','上午','2020-04-02 18:01:32'),(21,'sss','普通门诊',127,NULL,'2020-04-03','上午','2020-04-07 21:45:39'),(22,'aaa','专家门诊',162,6,'2020-04-23','上午','2020-04-13 02:06:55'),(23,'test','普通门诊',178,NULL,'2020-05-22','下午','2020-05-15 15:23:11');

/*Table structure for table `user` */

DROP TABLE IF EXISTS `user`;

CREATE TABLE `user` (
  `userId` int(10) unsigned NOT NULL AUTO_INCREMENT,
  `username` varchar(20) NOT NULL,
  `password` varchar(40) NOT NULL,
  `sex` varchar(20) DEFAULT NULL,
  `age` varchar(20) DEFAULT NULL,
  `phone` varchar(20) DEFAULT NULL,
  `role` varchar(20) DEFAULT NULL,
  PRIMARY KEY (`userId`),
  UNIQUE KEY `username` (`username`)
) ENGINE=InnoDB AUTO_INCREMENT=10 DEFAULT CHARSET=utf8;

/*Data for the table `user` */

insert  into `user`(`userId`,`username`,`password`,`sex`,`age`,`phone`,`role`) values (1,'admin','21232F297A57A5A743894A0E4A801FC3','男','20','12345678901','管理员'),(2,'xiaowang','202CB962AC59075B964B07152D234B70','女','20','12345678910','医生'),(3,'aaa','202CB962AC59075B964B07152D234B70','男','12','12','医生'),(4,'bbb','202CB962AC59075B964B07152D234B70','男','12','12','用户'),(6,'sss','202CB962AC59075B964B07152D234B70','男','50','12333','医生'),(7,'heh','FDA71993DBB74D33A8D02806AAFD4BBA','男','22','123','用户'),(8,'test','098F6BCD4621D373CADE4E832627B4F6','男','22','123','用户'),(9,'321','CAF1A3DFB505FFED0D024130F58C5CFA','男','44','12','用户');

/*Table structure for table `user_doctor` */

DROP TABLE IF EXISTS `user_doctor`;

CREATE TABLE `user_doctor` (
  `user_doc_Id` int(10) NOT NULL AUTO_INCREMENT,
  `userId` int(10) NOT NULL,
  `doctorId` int(10) NOT NULL,
  PRIMARY KEY (`user_doc_Id`)
) ENGINE=InnoDB AUTO_INCREMENT=4 DEFAULT CHARSET=utf8;

/*Data for the table `user_doctor` */

insert  into `user_doctor`(`user_doc_Id`,`userId`,`doctorId`) values (1,2,1),(2,3,2),(3,6,6);

/*!40101 SET SQL_MODE=@OLD_SQL_MODE */;
/*!40014 SET FOREIGN_KEY_CHECKS=@OLD_FOREIGN_KEY_CHECKS */;
/*!40014 SET UNIQUE_CHECKS=@OLD_UNIQUE_CHECKS */;
/*!40111 SET SQL_NOTES=@OLD_SQL_NOTES */;
